Complemento Pago,UUID,,PI,No.,Fecha,Fecha Afectaci�n,Cliente,Descripci�n,Subtotal,Impuestos,Total,Cobrado,Saldo,Divisa,ID Operacion
Timbrado,46DF6487-880F-4B9D-BF5E-A98B67269954,0,0,,30/12/2022,,IMPULSORA DE MERCADOS DE MEXICO,Pago Cliente 'IMPULSORA DE MERCADOS DE MEXICO',2700,432,3132,3132,0,Peso mexicano,31
Timbrado,FAA73CF9-AC3A-4577-A076-F15576D281A0,0,2,,03/01/2023,,SECRETARIA DE ADMINISTRACION Y FINANZAS,Pago Cliente 'SECRETARIA DE ADMINISTRACION Y FINANZAS',3999.92,639.9872,4639.91,4639.91,0,Peso mexicano,32
Timbrado,DC2B0FCA-0396-4F13-B33C-EC0D35A5B435,0,2,,04/01/2023,,PRODUCTOS DE HARINA,Pago Cliente 'PRODUCTOS DE HARINA',7980,1276.8,9256.8,9256.8,0,Peso mexicano,33
Timbrado,CBFCB8E7-8A67-4C8A-8437-59526B2BC3D0,0,2,,05/01/2023,,GRUPO BOXITO,Pago Cliente 'GRUPO BOXITO',17010,2721.6,19731.6,19731.6,0,Peso mexicano,34
Timbrado,7FD7B0CE-2DB8-4147-BF3F-289A3EE5B4BB,0,2,,09/01/2023,,HERMANOS BATTA,Pago Cliente 'HERMANOS BATTA',12480,1996.8,14476.8,14476.8,0,Peso mexicano,35
Timbrado,90DA538F-D642-4CA0-82F2-04FBA742822E,0,2,,12/01/2023,,SUPER SAN FRANCISCO DE ASIS,Pago Cliente 'SUPER SAN FRANCISCO DE ASIS',17820,2851.2,20671.2,20671.2,0,Peso mexicano,36
Timbrado,7A01D5AA-2644-40FE-82A8-C09B3D1D656E,0,2,,17/01/2023,,HERMANOS BATTA,Pago Cliente 'HERMANOS BATTA',4800,768,5568,5568,0,Peso mexicano,37
Timbrado,188A4EE8-D054-43BE-B798-7E07A0E621A0,0,3,,19/01/2023,,KIA MEXICO,Pago Cliente 'KIA MEXICO',62326.5,9972.24,72298.74,72298.74,1.46E-11,Peso mexicano,38
Timbrado,631F6ABB-17B5-42B0-9282-C24CAB9B7CF5,0,2,,23/01/2023,,HERMANOS BATTA,Pago Cliente 'HERMANOS BATTA',8640,1382.4,10022.4,10022.4,0,Peso mexicano,39
Timbrado,B7A7C52E-9796-472F-A7C5-52EAB480C9B4,0,2,,25/01/2023,,EL AGUILA COMPA�IA DE SEGUROS,Pago Cliente 'EL AGUILA COMPA�IA DE SEGUROS',29497.93103,4719.668966,34217.6,34217.6,0,Peso mexicano,3
Opcional,,0,2,I2,25/01/2023,25/01/2023,IKTAN MOVIL,Cobro Cliente IKTAN MOVIL,33189.65517,5310.344828,38500,38500,0,Peso mexicano,58
Opcional,,0,2,I3,26/01/2023,26/01/2023,IKTAN MOVIL,Cobro Cliente IKTAN MOVIL,5310.344828,849.655172,6160,6160,0,Peso mexicano,59
Timbrado,FF5E03F3-8573-467B-BD8B-A07AC6C635C2,0,2,,09/02/2023,,GRUPO BOXITO,Pago Cliente 'GRUPO BOXITO',16380,2620.8,19000.8,19000.8,0,Peso mexicano,4
Opcional,,0,2,,13/02/2023,13/02/2023,MUNICIPIO DE KANASIN,Cobro Cliente MUNICIPIO DE KANASIN,10400,1664,12064,12064,0,Peso mexicano,99
Timbrado,BE080771-71C9-452D-AE97-6EE41245232F,0,2,,13/02/2023,,HERMANOS BATTA,Pago Cliente 'HERMANOS BATTA',12480,1996.8,14476.8,14476.8,0,Peso mexicano,5
Timbrado,769D3999-F1A5-4BB1-A8B5-CB9BFB7D5D7F,0,2,,15/02/2023,,BEBIDAS PURIFICADAS,Pago Cliente 'BEBIDAS PURIFICADAS',71400,11424,82824,82824,0,Peso mexicano,40
Timbrado,7CEF37E7-6E09-49B7-9DA1-0E0C4911A46E,0,3,,17/02/2023,,SUPER SAN FRANCISCO DE ASIS,Pago Cliente 'SUPER SAN FRANCISCO DE ASIS',2448,391.68,2839.68,2839.68,0,Peso mexicano,6
Timbrado,5A80F578-007C-4723-8BA7-C00F99633861,0,2,,20/02/2023,,HERMANOS BATTA,Pago Cliente 'HERMANOS BATTA',6480,1036.8,7516.8,7516.8,0,Peso mexicano,7
Timbrado,31009A6F-EAD3-4EBA-86F2-6D4A023E384C,0,3,,20/02/2023,,EL AGUILA COMPA�IA DE SEGUROS,Pago Cliente 'EL AGUILA COMPA�IA DE SEGUROS',31222.06897,4995.531034,36217.6,36217.6,0,Peso mexicano,8
Timbrado,F65F2526-FCDC-450E-8674-A315330F2BBE,0,11,,23/02/2023,,CADENA COMERCIAL OXXO,Pago Cliente 'CADENA COMERCIAL OXXO',29340,4694.4,34034.4,34034.4,0,Peso mexicano,9
Opcional,,0,0,,25/02/2023,25/02/2023,IKTAN MOVIL,Cobro Cliente IKTAN MOVIL,11000,1760,12760,12760,0,Peso mexicano,270
Timbrado,1990F5A8-39C1-4B08-942D-C4CF2776C76A,0,2,,28/02/2023,,HERMANOS BATTA,Pago Cliente 'HERMANOS BATTA',4800,768,5568,5568,0,Peso mexicano,10
Timbrado,AD87B644-F77B-49F2-804F-B371971C3EF1,0,2,,01/03/2023,,CADENA COMERCIAL OXXO,Pago Cliente 'CADENA COMERCIAL OXXO',4320,691.2,5011.2,5011.2,0,Peso mexicano,11
Timbrado,6A46FCD9-EA55-4EE4-B4D8-27A11524E598,0,2,,01/03/2023,,BEBIDAS PURIFICADAS,Pago Cliente 'BEBIDAS PURIFICADAS',36720,5875.2,42595.2,42595.2,0,Peso mexicano,41
Timbrado,5C1D0727-60E6-4B36-926C-E9D53AA4B216,0,2,,07/03/2023,,PROVIDENT MEXICO,Pago Cliente 'PROVIDENT MEXICO',27202.56,4352.4096,31554.97,31554.97,0,Peso mexicano,12
Timbrado,2415631F-2BCD-4032-B26C-8C3BFCCFB978,0,3,,13/03/2023,,HERMANOS BATTA,Pago Cliente 'HERMANOS BATTA',12960,2073.6,15033.6,15033.6,0,Peso mexicano,13
Timbrado,EBB66259-24FD-43EC-BDAC-061252E343D0,0,2,,22/03/2023,,EL AGUILA COMPA�IA DE SEGUROS,Pago Cliente 'EL AGUILA COMPA�IA DE SEGUROS',30360,4857.6,35217.6,35217.6,0,Peso mexicano,14
Timbrado,F77BB102-3818-4DEF-ADFD-EEA3DAF9E24D,0,2,,23/03/2023,,GRUPO BOXITO,Pago Cliente 'GRUPO BOXITO',13680,2188.8,15868.8,15868.8,0,Peso mexicano,15
Timbrado,7DBFC58C-5A3A-4D1F-BFD8-EB059C68E363,0,5,,24/03/2023,,CADENA COMERCIAL OXXO,Pago Cliente 'CADENA COMERCIAL OXXO',12690,2030.4,14720.4,14720.4,-1.82E-12,Peso mexicano,17
Timbrado,920A42A0-22C5-45E8-85B0-F52BF14E355B,0,2,,24/03/2023,,KIA MEXICO,Pago Cliente 'KIA MEXICO',7861,1257.76,9118.76,9118.76,0,Peso mexicano,16
Timbrado,D1627AD3-B20E-4272-95CC-F978FC89A7DF,0,2,,28/03/2023,,NUEVA WAL MART DE MEXICO,Pago Cliente 'NUEVA WAL MART DE MEXICO',6,0.96,6.96,6.96,0,Peso mexicano,42
Opcional,,0,2,,28/03/2023,28/03/2023,IKTAN MOVIL,Cobro Cliente IKTAN MOVIL,9075,1452,10527,10527,0,Peso mexicano,138
Timbrado,8D9DD5FA-00AA-4DA8-9070-FFA5326F529F,0,2,,10/04/2023,10/04/2023,HERMANOS BATTA,Pago Cliente 'HERMANOS BATTA',7680,1228.8,8908.8,8908.8,0,Peso mexicano,18
Timbrado,D49FD5EA-66D5-4FC5-86B5-FB6811D5F14A,0,2,,13/04/2023,,GRUPO BOXITO,Pago Cliente 'GRUPO BOXITO',20556,3288.96,23844.96,23844.96,0,Peso mexicano,19
Timbrado,4C569D33-84FA-4D06-B1DB-DC2CE7321364,0,3,,21/04/2023,,CADENA COMERCIAL OXXO,Pago Cliente 'CADENA COMERCIAL OXXO',5760,921.6,6681.6,6681.6,0,Peso mexicano,20
Opcional,,0,2,,25/04/2023,25/04/2023,IKTAN MOVIL,Cobro Cliente IKTAN MOVIL,14850,2376,17226,17226,0,Peso mexicano,504
Timbrado,1B4F266B-FAB5-4CDA-A1B6-2C00A24F76C0,0,2,,26/04/2023,,EL AGUILA COMPA�IA DE SEGUROS,Pago Cliente 'EL AGUILA COMPA�IA DE SEGUROS',30360,4857.6,35217.6,35217.6,0,Peso mexicano,21
Timbrado,C0667E98-FA5C-4F47-AF11-95BFAC6D9AC8,0,5,,28/04/2023,,CADENA COMERCIAL OXXO,Pago Cliente 'CADENA COMERCIAL OXXO',13500,2160,15660,15660,0,Peso mexicano,22
Timbrado,0AA075FD-3C03-453A-A385-920232687A02,0,2,,04/05/2023,,GRUPO BOXITO,Pago Cliente 'GRUPO BOXITO',20097,3215.52,23312.52,23312.52,0,Peso mexicano,23
Timbrado,4C557457-9C65-45F2-98AA-1DAD1B262E33,0,2,,10/05/2023,,SECRETARIA DE ADMINISTRACION Y FINANZAS,Pago Cliente 'SECRETARIA DE ADMINISTRACION Y FINANZAS',125689,20110.24,145799.24,145799.24,0,Peso mexicano,24
Timbrado,F177C6C8-1FA6-4537-91FE-A402518C15AF,0,2,,16/05/2023,,FARMACON,Pago Cliente 'FARMACON',2880,460.8,3340.8,3340.8,0,Peso mexicano,25
Timbrado,E5D28E95-5541-42D5-B6E2-48AEE095CFF8,0,2,,16/05/2023,,SECRETARIA DE ADMINISTRACION Y FINANZAS,Pago Cliente 'SECRETARIA DE ADMINISTRACION Y FINANZAS',85697,13711.52,99408.52,99408.52,0,Peso mexicano,26
Timbrado,26002012-F74C-404C-8F44-3998D8D75FC9,0,2,,19/05/2023,,IMPULSORA DE MERCADOS DE MEXICO,Pago Cliente 'IMPULSORA DE MERCADOS DE MEXICO',2700,432,3132,3132,0,Peso mexicano,27
Opcional,,0,2,,24/05/2023,24/05/2023,DIGITAL CEL,Cobro Cliente DIGITAL CEL,40500,6480,46980,46980,0,Peso mexicano,204
Timbrado,1DD9DD46-8FE1-411F-9FAA-EAC3BAAFF95B,0,2,,24/05/2023,,SISTEMA PARA EL DESARROLLO INTEGRAL DE LA FAMILIA EN YUCATAN,Pago Cliente 'SISTEMA PARA EL DESARROLLO INTEGRAL DE LA FAMILIA EN YUCATAN',50096,8015.36,58111.36,58111.36,0,Peso mexicano,28
Opcional,,0,2,,25/05/2023,25/05/2023,IKTAN MOVIL,Cobro Cliente IKTAN MOVIL,24750,3960,28710,28710,0,Peso mexicano,203
Timbrado,8FFCF06B-3032-4C86-BAAE-E265607E0433,0,2,,26/05/2023,,EL AGUILA COMPA�IA DE SEGUROS,Pago Cliente 'EL AGUILA COMPA�IA DE SEGUROS',30360,4857.6,35217.6,35217.6,0,Peso mexicano,30
Timbrado,4A260089-37FE-41EA-B332-F117CB8F67BA,0,5,,26/05/2023,,CADENA COMERCIAL OXXO,Pago Cliente 'CADENA COMERCIAL OXXO',12150,1944,14094,14094,0,Peso mexicano,29
Timbrado,8E96DB08-0B1A-4CDB-835A-4C12DAFBF184,0,2,,29/05/2023,29/05/2023,SECRETARIA DE ADMINISTRACION Y FINANZAS,Cobro Cliente SECRETARIA DE ADMINISTRACION Y FINANZAS,76903.5,12304.56,89208.06,89208.06,0,Peso mexicano,202
Timbrado,38C4C62A-0BF3-488C-BB8A-CE93EBB1D81E,0,2,,08/06/2023,,GRUPO BOXITO,Pago Cliente 'GRUPO BOXITO',33780,5404.8,39184.8,39184.8,0,Peso mexicano,82
Timbrado,22F1BDD4-3E31-4B34-8D91-16F175834814,0,2,,09/06/2023,,IMPULSORA DE MERCADOS DE MEXICO,Pago Cliente 'IMPULSORA DE MERCADOS DE MEXICO',2700,432,3132,3132,0,Peso mexicano,83
Timbrado,404B636C-ACD5-4C21-8506-EEB3EDF5DD12,0,2,,14/06/2023,,MUNICIPIO DE MERIDA YUCATAN,Pago Cliente 'MUNICIPIO DE MERIDA YUCATAN',230000,36800,266800,266800,0,Peso mexicano,84
Timbrado,46294633-FA67-4A25-819D-D9B63639F933,0,2,,21/06/2023,,EL AGUILA COMPA�IA DE SEGUROS,Pago Cliente 'EL AGUILA COMPA�IA DE SEGUROS',30360.0024,4857.600384,35217.6,35217.6,0,Peso mexicano,85
Timbrado,47BA827D-0EAE-42E1-A4DF-96C74AEB8870,0,2,,22/06/2023,,SECRETARIA DE ADMINISTRACION Y FINANZAS,Pago Cliente 'SECRETARIA DE ADMINISTRACION Y FINANZAS',33698,5391.68,39089.68,39089.68,0,Peso mexicano,86
Opcional,,0,2,,29/06/2023,29/06/2023,IKTAN MOVIL,Cobro Cliente IKTAN MOVIL,33000,5280,38280,38280,0,Peso mexicano,354
Timbrado,F61245A7-2557-4050-BACA-4DF59C92D770,0,2,,29/06/2023,,PROVIDENT MEXICO,Pago Cliente 'PROVIDENT MEXICO',34003.1875,5440.51,39443.71,39443.71,0,Peso mexicano,87
Timbrado,52E64BE2-EB11-44E9-9609-2E29B784442E,0,7,,30/06/2023,,CADENA COMERCIAL OXXO,Pago Cliente 'CADENA COMERCIAL OXXO',19350,3096,22446,22446,0,Peso mexicano,88
Timbrado,D7695B54-7B0E-463E-A869-8EC60482967A,0,2,,03/07/2023,,SECRETARIA DE ADMINISTRACION Y FINANZAS,Pago Cliente 'SECRETARIA DE ADMINISTRACION Y FINANZAS',43103.45,6896.552,50000,50000,0,Peso mexicano,402
Timbrado,9C90620E-1EC6-4F58-BE28-2B726AF523E7,0,2,,03/07/2023,,NUEVA WAL MART DE MEXICO,Pago Cliente 'NUEVA WAL MART DE MEXICO',42328,6772.48,49100.48,49100.48,0,Peso mexicano,397
Timbrado,A8233501-36CD-47E0-8339-B52C96735D83,0,2,,03/07/2023,,SECRETARIA DE ADMINISTRACION Y FINANZAS,Pago Cliente 'SECRETARIA DE ADMINISTRACION Y FINANZAS',68940,11030.4,79970.4,79970.4,0,Peso mexicano,398
Timbrado,E28FA367-A45C-4471-85BE-44ED31D34A55,0,2,,07/07/2023,,IMPULSORA DE MERCADOS DE MEXICO,Pago Cliente 'IMPULSORA DE MERCADOS DE MEXICO',2700,432,3132,3132,0,Peso mexicano,399
Timbrado,EC2654D1-26A0-4FCC-B768-B66DDEBF1E7F,0,2,,13/07/2023,,GRUPO BOXITO,Pago Cliente 'GRUPO BOXITO',20970,3355.2,24325.2,24325.2,0,Peso mexicano,400
Timbrado,80BE9EDE-89E3-42F0-BC9C-3A40EC7438CA,0,2,,14/07/2023,,CADENA COMERCIAL OXXO,Pago Cliente 'CADENA COMERCIAL OXXO',1800,288,2088,2088,0,Peso mexicano,401
Opcional,,0,2,,26/07/2023,26/07/2023,IKTAN MOVIL,Cobro Cliente IKTAN MOVIL,35750,5720,41470,41470,0,Peso mexicano,415
Timbrado,5875DDDC-7F90-44AB-B728-15910F7D6672,0,2,,27/07/2023,,INSTITUTO DEL DEPORTE DEL ESTADO DE YUCATAN,Pago Cliente 'INSTITUTO DEL DEPORTE DEL ESTADO DE YUCATAN',21554,3448.64,25002.64,25002.64,0,Peso mexicano,404
Timbrado,5FF2B5BF-45F1-4DBF-8158-02D124CEF4DA,0,2,,27/07/2023,,INSTITUTO DEL DEPORTE DEL ESTADO DE YUCATAN,Pago Cliente 'INSTITUTO DEL DEPORTE DEL ESTADO DE YUCATAN',40215,6434.4,46649.4,46649.4,0,Peso mexicano,403
Timbrado,853C62BB-E58D-4DF4-A519-65518282C5BB,0,2,,28/07/2023,,IMPULSORA DE MERCADOS DE MEXICO,Pago Cliente 'IMPULSORA DE MERCADOS DE MEXICO',2700,432,3132,3132,0,Peso mexicano,405
Timbrado,24077D70-94C1-4A1B-905A-4390144F83DE,0,5,,28/07/2023,,CADENA COMERCIAL OXXO,Pago Cliente 'CADENA COMERCIAL OXXO',13860,2217.6,16077.6,16077.6,1.82E-12,Peso mexicano,406
Timbrado,32797FB6-50A4-4D49-829F-E4AC92E0AFCC,0,2,,31/07/2023,,EL AGUILA COMPA�IA DE SEGUROS,Pago Cliente 'EL AGUILA COMPA�IA DE SEGUROS',30360.0024,4857.600384,35217.6,35217.6,0,Peso mexicano,407
,911229FF-0CF3-4EE5-89D8-BB338B1E16EB,0,3,,01/08/2023,,SUPER SAN FRANCISCO DE ASIS,Pago Cliente 'SUPER SAN FRANCISCO DE ASIS',867,138.72,1005.72,1005.72,0,Peso mexicano,448
,A392A914-F6D7-41C2-B4CA-E9948E809F1E,0,3,,03/08/2023,,SISTEMA PARA EL DESARROLLO INTEGRAL DE LA FAMILIA EN YUCATAN,Pago Cliente 'SISTEMA PARA EL DESARROLLO INTEGRAL DE LA FAMILIA EN YUCATAN',63488,10158.08,73646.08,73646.08,0,Peso mexicano,449
Timbrado,CA05D730-3CF5-45A7-8B9A-504EFF5DE08E,0,2,,04/08/2023,,SECRETARIA DE ADMINISTRACION Y FINANZAS,Pago Cliente 'SECRETARIA DE ADMINISTRACION Y FINANZAS',59072.5,9451.6,68524.1,68524.1,0,Peso mexicano,450
Timbrado,93B0290B-0119-44EF-88A1-ED47F1FF557D,0,3,,10/08/2023,,GRUPO BOXITO,Pago Cliente 'GRUPO BOXITO',30489,4878.24,35367.24,35367.24,-7.28E-12,Peso mexicano,483
Timbrado,1B3B354C-8278-4D4B-A1A5-B82313D1FF4B,0,2,,17/08/2023,,JUNTA DE AGUA POTABLE Y ALCANTARILLADO DE YUCATAN,Pago Cliente 'JUNTA DE AGUA POTABLE Y ALCANTARILLADO DE YUCATAN',21824,3491.84,25315.84,25315.84,0,Peso mexicano,484
Timbrado,73CD597A-32BE-4A75-95FA-46AF53F48820,0,3,,18/08/2023,,SERVICIOS GASOLINEROS DE MEXICO,Pago Cliente 'SERVICIOS GASOLINEROS DE MEXICO',12000,1920,13920,13920,0,Peso mexicano,485
Timbrado,577C5768-E125-4D9A-B5C4-E58FC2273D8D,0,2,,21/08/2023,,SERVICIOS DE SALUD DE YUCATAN,Pago Cliente 'SERVICIOS DE SALUD DE YUCATAN',25345,4055.2,29400.2,29400.2,0,Peso mexicano,486
Timbrado,B3C1A101-E5FB-4AB9-B2CF-A18D5E5AD243,0,2,,24/08/2023,,SISTEMA PARA EL DESARROLLO INTEGRAL DE LA FAMILIA EN YUCATAN,Pago Cliente 'SISTEMA PARA EL DESARROLLO INTEGRAL DE LA FAMILIA EN YUCATAN',15872,2539.52,18411.52,18411.52,0,Peso mexicano,487
Timbrado,450FAC70-A5C3-42E4-BD19-202DCC8EC1B8,0,2,,30/08/2023,,SERVICIOS DE SALUD DE YUCATAN,Pago Cliente 'SERVICIOS DE SALUD DE YUCATAN',35204.5,5632.72,40837.22,40837.22,0,Peso mexicano,498
Timbrado,14943FCC-4213-4F38-B5EA-E73A37387A0B,0,2,,01/09/2023,,IMPULSORA DE MERCADOS DE MEXICO,Pago Cliente 'IMPULSORA DE MERCADOS DE MEXICO',2700,432,3132,3132,0,Peso mexicano,507
Timbrado,31DF2621-E541-4215-B6B2-693C39745827,0,2,,04/09/2023,,NUEVA WAL MART DE MEXICO,Pago Cliente 'NUEVA WAL MART DE MEXICO',79113.375,12658.14,91771.54,91771.54,0,Peso mexicano,508
Timbrado,00BFED1F-E205-481E-9818-18089DD86E11,0,4,,06/09/2023,,SUPER SAN FRANCISCO DE ASIS,Pago Cliente 'SUPER SAN FRANCISCO DE ASIS',9312,1489.92,10801.92,10801.92,0,Peso mexicano,509
Opcional,,0,2,,08/09/2023,08/09/2023,JOSUE RICARDO ALVARADO CHALE,Cobro Cliente JOSUE RICARDO ALVARADO CHALE,5000,800,5800,5800,0,Peso mexicano,526
Timbrado,627F489F-9678-4260-A6D7-77550890B1A3,0,2,,12/09/2023,,JUNTA DE AGUA POTABLE Y ALCANTARILLADO DE YUCATAN,Pago Cliente 'JUNTA DE AGUA POTABLE Y ALCANTARILLADO DE YUCATAN',22202,3552.32,25754.32,25754.32,0,Peso mexicano,511
Timbrado,12D4F1EB-B0E1-4012-9CC1-430D7D3757E1,0,2,,12/09/2023,,SECRETARIA DE ADMINISTRACION Y FINANZAS,Pago Cliente 'SECRETARIA DE ADMINISTRACION Y FINANZAS',32115,5138.4,37253.4,37253.4,0,Peso mexicano,510
Timbrado,0B331B45-8FE4-4FED-9BD5-AE087CB101DB,0,2,,14/09/2023,,GRUPO BOXITO,Pago Cliente 'GRUPO BOXITO',25515,4082.4,29597.4,29597.4,0,Peso mexicano,512
Timbrado,FDF1E16F-52EB-470D-A73C-D1859349762F,0,3,,22/09/2023,,CADENA COMERCIAL OXXO,Pago Cliente 'CADENA COMERCIAL OXXO',5370,859.2,6229.2,6229.2,0,Peso mexicano,515
Timbrado,59125ED9-E47B-40BA-83EB-017F6040EF13,0,2,,22/09/2023,,IMPULSORA DE MERCADOS DE MEXICO,Pago Cliente 'IMPULSORA DE MERCADOS DE MEXICO',2700,432,3132,3132,0,Peso mexicano,513
Timbrado,A983F79E-7C79-48B2-8D73-AE2ACDEF1825,0,6,,22/09/2023,,CADENA COMERCIAL OXXO,Pago Cliente 'CADENA COMERCIAL OXXO',13650,2184,15834,15834,1.82E-12,Peso mexicano,514
Timbrado,64F57DF0-D086-44E0-B4A3-2E87A230F3DE,0,2,,25/09/2023,,SERVICIOS DE SALUD DE YUCATAN,Pago Cliente 'SERVICIOS DE SALUD DE YUCATAN',30617,4898.72,35515.72,35515.72,0,Peso mexicano,518
Timbrado,F4A98FEA-D588-469C-8220-609F044A6B2E,0,2,,25/09/2023,,JUNTA DE AGUA POTABLE Y ALCANTARILLADO DE YUCATAN,Pago Cliente 'JUNTA DE AGUA POTABLE Y ALCANTARILLADO DE YUCATAN',22320,3571.2,25891.2,25891.2,0,Peso mexicano,516
Timbrado,0D12969C-FE5B-4EC2-B6B3-3292F5168B3A,0,2,,25/09/2023,,INSTITUTO DEL DEPORTE DEL ESTADO DE YUCATAN,Pago Cliente 'INSTITUTO DEL DEPORTE DEL ESTADO DE YUCATAN',13231,2116.96,15347.96,15347.96,0,Peso mexicano,517
Timbrado,2B436188-F4E0-40DB-9950-F8D551165852,0,2,,26/09/2023,,INSTITUTO DE MOVILIDAD Y DESARROLLO URBANO TERRITORIAL,Pago Cliente 'INSTITUTO DE MOVILIDAD Y DESARROLLO URBANO TERRITORIAL',30448.5,4871.76,35320.26,35320.26,0,Peso mexicano,520
Timbrado,ACA060D9-8C5E-49A5-9BF7-D6BE73477ACD,0,2,,26/09/2023,,INSTITUTO DE MOVILIDAD Y DESARROLLO URBANO TERRITORIAL,Pago Cliente 'INSTITUTO DE MOVILIDAD Y DESARROLLO URBANO TERRITORIAL',77354,12376.64,89730.64,89730.64,0,Peso mexicano,519
Timbrado,9B3C8345-16A7-4F30-A382-BF30ABB1DAA1,0,3,,28/09/2023,,SERVICIOS GASOLINEROS DE MEXICO,Pago Cliente 'SERVICIOS GASOLINEROS DE MEXICO',9600,1536,11136,11136,0,Peso mexicano,521
Timbrado,112EECBF-3767-4E48-91FF-13111EF94EF5,0,2,,29/09/2023,29/09/2023,SECRETARIA DE ADMINISTRACION Y FINANZAS,Pago Cliente 'SECRETARIA DE ADMINISTRACION Y FINANZAS',4040.9375,646.55,4687.5,4687.5,0,Peso mexicano,525
Timbrado,2ADCADA9-90E9-4782-9E81-368BB4071B0F,0,2,,29/09/2023,29/09/2023,SECRETARIA DE ADMINISTRACION Y FINANZAS,Pago Cliente 'SECRETARIA DE ADMINISTRACION Y FINANZAS',4040.9375,646.55,4687.5,4687.5,0,Peso mexicano,524
Timbrado,F3A18D27-78B9-4D38-A983-C1F635DCAD4E,0,2,,29/09/2023,29/09/2023,SECRETARIA DE ADMINISTRACION Y FINANZAS,Pago Cliente 'SECRETARIA DE ADMINISTRACION Y FINANZAS',4040.9375,646.55,4687.5,4687.5,0,Peso mexicano,522
Timbrado,1544F0E9-F7AA-4AF0-AFE9-B7971A5A55E0,0,2,,29/09/2023,29/09/2023,SECRETARIA DE ADMINISTRACION Y FINANZAS,Pago Cliente 'SECRETARIA DE ADMINISTRACION Y FINANZAS',4040.9375,646.55,4687.5,4687.5,0,Peso mexicano,523
Timbrado,F8B9A477-6F0B-49DC-8A2E-B54FE5004E25,0,2,,02/10/2023,,SECRETARIA DE ADMINISTRACION Y FINANZAS,Pago Cliente 'SECRETARIA DE ADMINISTRACION Y FINANZAS',20107.5,3217.2,23324.7,23324.7,0,Peso mexicano,597
Timbrado,82EBC544-51A0-48C9-809F-410E0C0A5C55,0,2,,04/10/2023,,SECRETARIA DE ADMINISTRACION Y FINANZAS,Pago Cliente 'SECRETARIA DE ADMINISTRACION Y FINANZAS',65414,10466.24,75880.24,75880.24,0,Peso mexicano,598
Timbrado,78FDCD0F-F3CE-4F58-A56B-314B32B5B0DA,0,3,,05/10/2023,,GRUPO BOXITO,Pago Cliente 'GRUPO BOXITO',9430,1508.8,10938.8,10938.8,0,Peso mexicano,600
Timbrado,64EDFAFB-0E4C-40AD-B7DB-34A2204CE2F7,0,2,,05/10/2023,,SISTEMA PARA EL DESARROLLO INTEGRAL DE LA FAMILIA EN YUCATAN,Pago Cliente 'SISTEMA PARA EL DESARROLLO INTEGRAL DE LA FAMILIA EN YUCATAN',13888,2222.08,16110.08,16110.08,0,Peso mexicano,599
Timbrado,40060CA1-9226-433E-8C28-AB000E565809,0,2,,10/10/2023,,INSTITUTO DE MOVILIDAD Y DESARROLLO URBANO TERRITORIAL,Pago Cliente 'INSTITUTO DE MOVILIDAD Y DESARROLLO URBANO TERRITORIAL',50275.5,8044.08,58319.58,58319.58,0,Peso mexicano,601
Timbrado,747AEB87-6F36-4D39-BE63-DD8CA373E33A,0,2,,12/10/2023,,SERVICIOS DE SALUD DE YUCATAN,Pago Cliente 'SERVICIOS DE SALUD DE YUCATAN',30216.5,4834.64,35051.14,35051.14,0,Peso mexicano,603
Timbrado,53F180D0-2028-4EEB-917C-B6464D6BB5FF,0,3,,12/10/2023,,GRUPO BOXITO,Pago Cliente 'GRUPO BOXITO',34795,5567.2,40362.2,40362.2,0,Peso mexicano,602
Timbrado,8006DC86-844F-4225-ADB3-3001FCB4B2ED,0,2,,18/10/2023,,SECRETARIA DE ADMINISTRACION Y FINANZAS,Pago Cliente 'SECRETARIA DE ADMINISTRACION Y FINANZAS',119991,19198.56,139189.56,139189.56,0,Peso mexicano,657
Timbrado,FF3BC08F-8A30-4A67-BF33-BD1693C5D248,0,2,,23/10/2023,,NUEVA WAL MART DE MEXICO,Pago Cliente 'NUEVA WAL MART DE MEXICO',84175,13468,97643,97643,0,Peso mexicano,658
Timbrado,F1826F36-5AE7-4CC2-AC9C-8114888FA61C,0,2,,24/10/2023,,SECRETARIA DE ADMINISTRACION Y FINANZAS,Pago Cliente 'SECRETARIA DE ADMINISTRACION Y FINANZAS',14362.5,2298,16660.5,16660.5,0,Peso mexicano,659
Timbrado,43BD58B5-47DD-470C-9690-6BE6BA2C4A63,0,2,,30/10/2023,,INSTITUTO DE MOVILIDAD Y DESARROLLO URBANO TERRITORIAL,Pago Cliente 'INSTITUTO DE MOVILIDAD Y DESARROLLO URBANO TERRITORIAL',50407,8065.12,58472.12,58472.12,0,Peso mexicano,667
Timbrado,29A0860B-A0CA-41DF-AC33-18604F649431,0,6,,31/10/2023,31/10/2023,CADENA COMERCIAL OXXO,Pago Cliente 'CADENA COMERCIAL OXXO',15750,2520,18270,18270,0,Peso mexicano,669
Timbrado,252B5B2C-2A49-4961-971C-9CB69B014DF7,0,2,,31/10/2023,,SECRETARIA DE ADMINISTRACION Y FINANZAS,Pago Cliente 'SECRETARIA DE ADMINISTRACION Y FINANZAS',4040.9375,646.55,4687.5,4687.5,0,Peso mexicano,668
Timbrado,4B59C634-81E2-49D0-8BF5-146562584F81,0,2,,01/11/2023,,BEBIDAS PURIFICADAS,Pago Cliente 'BEBIDAS PURIFICADAS',51680,8268.8,59948.8,59948.8,0,Peso mexicano,677
Timbrado,261252E3-C7A1-4AA4-AF2E-8E6EBD928D48,0,2,,01/11/2023,,FARMACON,Pago Cliente 'FARMACON',4200,672,4872,4872,0,Peso mexicano,671
Timbrado,8918980D-E32B-48ED-92B2-085A4D58101C,0,2,,07/11/2023,,JUNTA DE AGUA POTABLE Y ALCANTARILLADO DE YUCATAN,Pago Cliente JUNTA DE AGUA POTABLE Y ALCANTARILLADO DE YUCATAN,22320,3571.2,25891.2,25891.2,0,Peso mexicano,672
Timbrado,5D045ADD-1940-4F81-8FC0-51B5CA96CEED,0,2,,10/11/2023,,SECRETARIA DE ADMINISTRACION Y FINANZAS,Pago Cliente 'SECRETARIA DE ADMINISTRACION Y FINANZAS',67905,10864.8,78769.8,78769.8,0,Peso mexicano,676
Timbrado,325DEFA6-5573-462E-8583-BF60AA7C6721,0,4,,10/11/2023,,CADENA COMERCIAL OXXO,Pago Cliente 'CADENA COMERCIAL OXXO',8400,1344,9744,9744,0,Peso mexicano,675
Timbrado,7BD847DB-0A8E-458F-A5BA-4A18B40C45F5,0,2,,10/11/2023,,SISTEMA PARA EL DESARROLLO INTEGRAL DE LA FAMILIA EN YUCATAN,Pago Cliente 'SISTEMA PARA EL DESARROLLO INTEGRAL DE LA FAMILIA EN YUCATAN',3316,530.56,3846.56,3846.56,0,Peso mexicano,673
Timbrado,287585C2-D01E-44EA-A5B3-96B4129605CD,0,2,,10/11/2023,,IMPULSORA DE MERCADOS DE MEXICO,Pago Cliente 'IMPULSORA DE MERCADOS DE MEXICO',2700,432,3132,3132,0,Peso mexicano,674
Timbrado,15061768-529E-43DF-A205-4289722CBD4F,0,3,,13/11/2023,,FARMACON,Pago Cliente 'FARMACON',7200,1152,8352,8352,0,Peso mexicano,723
Timbrado,ECA4B955-DB76-4009-BE39-82886E178471,0,2,,16/11/2023,,FARMACON,Pago Cliente 'FARMACON',2400,384,2784,2784,0,Peso mexicano,958
Timbrado,BF5F4322-6823-4CC9-839A-4D1F607CA060,0,2,,16/11/2023,,SERVICIOS DE SALUD DE YUCATAN,Pago Cliente 'SERVICIOS DE SALUD DE YUCATAN',20513.5625,3282.17,23795.72,23795.72,0,Peso mexicano,724
Timbrado,BD58B334-8C65-4F31-BD59-5EA0453BBD95,0,2,,21/11/2023,,NUEVA WAL MART DE MEXICO,Pago Cliente 'NUEVA WAL MART DE MEXICO',55500,8880,64380,64380,0,Peso mexicano,721
Timbrado,8B728C69-2A60-43ED-9E6C-0D9311E41D8E,0,2,,22/11/2023,,SECRETARIA DE ADMINISTRACION Y FINANZAS,Pago Cliente 'SECRETARIA DE ADMINISTRACION Y FINANZAS',7468.5,1194.96,8663.46,8663.46,0,Peso mexicano,781
Timbrado,8609B1EC-D477-47D0-A2E1-A1E6E7902199,0,2,,24/11/2023,,IMPULSORA DE MERCADOS DE MEXICO,Pago Cliente 'IMPULSORA DE MERCADOS DE MEXICO',2700,432,3132,3132,0,Peso mexicano,780
Timbrado,C8DDA303-CEFC-4FC4-AD3C-00E3A5CA99E6,0,6,,24/11/2023,,CADENA COMERCIAL OXXO,Pago Cliente 'CADENA COMERCIAL OXXO',15660,2505.6,18165.6,18165.6,0,Peso mexicano,779
Timbrado,AFD9152C-C306-4145-83B4-9F0E38960373,0,2,,24/11/2023,,SECRETARIA DE ADMINISTRACION Y FINANZAS,Pago Cliente 'SECRETARIA DE ADMINISTRACION Y FINANZAS',5170.5,827.28,5997.78,5997.78,0,Peso mexicano,788
Timbrado,C9B83A0B-8C9B-4890-983A-2CF24ACFAFF3,0,4,,27/11/2023,,FARMACON,Pago Cliente 'FARMACON',11400,1824,13224,13224,0,Peso mexicano,989
Opcional,,0,2,,28/11/2023,28/11/2023,IKTAN MOVIL,Cobro Cliente IKTAN MOVIL,21450,3432,24882,24882,0,Peso mexicano,768
Timbrado,260BBFDA-6F0C-4BA9-81D9-78EE96C4EF37,0,12,,29/11/2023,,FARMACON,Pago Cliente FARMACON,36510,5841.6,42351.6,42351.6,-7.28E-12,Peso mexicano,775
Timbrado,BCAB8FF0-DE4A-46C5-9AAC-DDB4037F4E67,0,2,,29/11/2023,,INSTITUTO DE MOVILIDAD Y DESARROLLO URBANO TERRITORIAL,Pago Cliente 'INSTITUTO DE MOVILIDAD Y DESARROLLO URBANO TERRITORIAL',50592,8094.72,58686.72,58686.72,0,Peso mexicano,776
Timbrado,92B1891B-EAA4-4516-A3FB-370EA90E93E4,0,2,,01/12/2023,,JUNTA DE AGUA POTABLE Y ALCANTARILLADO DE YUCATAN,Pago Cliente 'JUNTA DE AGUA POTABLE Y ALCANTARILLADO DE YUCATAN',10912,1745.92,12657.92,12657.92,0,Peso mexicano,862
Timbrado,36713174-BF9A-4979-B4EA-63657DF9CD5A,0,2,,08/12/2023,,SECRETARIA DE ADMINISTRACION Y FINANZAS,Pago Cliente 'SECRETARIA DE ADMINISTRACION Y FINANZAS',164575,26332,190907,190907,0,Peso mexicano,863
Timbrado,E9EB9BEC-FD1D-4545-8511-C5FA8C60AB11,0,3,,11/12/2023,,CADENA COMERCIAL OXXO,Pago Cliente 'CADENA COMERCIAL OXXO',5670,907.2,6577.2,6577.2,0,Peso mexicano,864
Timbrado,C7E983EC-A306-46FA-91FF-C041615EE42D,0,5,,13/12/2023,,FARMACON,Pago Cliente 'FARMACON',15000,2400,17400,17400,0,Peso mexicano,865
Timbrado,7E03AC97-6098-4634-AF22-305D8165DF0E,0,2,,14/12/2023,,SECRETARIA DE ADMINISTRACION Y FINANZAS,Pago Cliente 'SECRETARIA DE ADMINISTRACION Y FINANZAS',4040.9375,646.55,4687.5,4687.5,0,Peso mexicano,869
Timbrado,CF80B59D-98BE-4E10-9105-67E7018DF9D5,0,2,,14/12/2023,,"LEALTAD, MERCADOTECNIA Y CONOCIMIENTO AGREGADOS","Pago Cliente 'LEALTAD, MERCADOTECNIA Y CONOCIMIENTO AGREGADOS'",3540,566.4,4106.4,4106.4,0,Peso mexicano,866
Timbrado,B347FD6B-F753-4136-A9B8-F54839BAD5F9,0,3,,14/12/2023,,GRUPO BOXITO,Pago Cliente 'GRUPO BOXITO',54585,8733.6,63318.6,63318.6,-7.28E-12,Peso mexicano,867
Timbrado,D81581F9-A2E5-487C-B4BE-ED0B059B8440,0,4,,14/12/2023,,FARMACON,Pago Cliente 'FARMACON',14760,2361.6,17121.6,17121.6,0,Peso mexicano,868
Timbrado,ACFF3DE7-59EB-4054-92A2-D0308CD5D78B,0,5,,15/12/2023,,CADENA COMERCIAL OXXO,Pago Cliente 'CADENA COMERCIAL OXXO',11340,1814.4,13154.4,13154.4,0,Peso mexicano,870
Timbrado,B5A8B1D0-AD2E-4FCD-AC1B-6F330EE2DB1D,0,2,,15/12/2023,,INSTITUTO DE MOVILIDAD Y DESARROLLO URBANO TERRITORIAL,Pago Cliente 'INSTITUTO DE MOVILIDAD Y DESARROLLO URBANO TERRITORIAL',31440.25,5030.44,36470.68,36470.68,0,Peso mexicano,871
Timbrado,491509C5-4722-4C4D-AFAF-D1F320D47EB6,0,2,,18/12/2023,,SECRETARIA DE ADMINISTRACION Y FINANZAS,Pago Cliente 'SECRETARIA DE ADMINISTRACION Y FINANZAS',4040.9375,646.55,4687.5,4687.5,0,Peso mexicano,872
Timbrado,C78BE4CD-862A-441A-BD69-9954660D9F5F,0,2,,19/12/2023,,SECRETARIA DE ADMINISTRACION Y FINANZAS,Pago Cliente 'SECRETARIA DE ADMINISTRACION Y FINANZAS',6770.3125,1083.25,7853.56,7853.56,0,Peso mexicano,873
Opcional,,0,2,,20/12/2023,20/12/2023,IKTAN MOVIL,Cobro Cliente IKTAN MOVIL,28875,4620,33495,33495,0,Peso mexicano,931
Timbrado,89710912-F492-4205-B3B6-A5DD53150F56,0,2,,21/12/2023,,SISTEMA PARA EL DESARROLLO INTEGRAL DE LA FAMILIA EN YUCATAN,Pago Cliente 'SISTEMA PARA EL DESARROLLO INTEGRAL DE LA FAMILIA EN YUCATAN',3340,534.4,3874.4,3874.4,0,Peso mexicano,874
Timbrado,3820FBB5-7B00-45E8-B42D-7503AA33C2FE,0,2,,26/12/2023,,FARMACON,Pago Cliente 'FARMACON',3240,518.4,3758.4,3758.4,0,Peso mexicano,975
Timbrado,AC0F6962-8ADB-491B-B77D-2FD95A6C1114,0,19,,27/12/2023,,CADENA COMERCIAL OXXO,Pago Cliente 'CADENA COMERCIAL OXXO',65790,10526.4,76316.4,76316.4,-1.46E-11,Peso mexicano,991
Timbrado,7DB19C6B-0CAD-4C9D-A137-2BD3A117AEB0,0,7,,28/12/2023,,FARMACON,Pago Cliente 'FARMACON',37500,6000,43500,43500,0,Peso mexicano,977
Timbrado,8660AEC6-661F-431A-A03B-B7EDB8C44F29,0,2,,28/12/2023,,SECRETARIA DE ADMINISTRACION Y FINANZAS,Pago Cliente 'SECRETARIA DE ADMINISTRACION Y FINANZAS',4040.9375,646.55,4687.5,4687.5,0,Peso mexicano,978
Timbrado,D29A45EC-A903-49F8-8F0A-684F4B2FB1ED,0,2,,29/12/2023,,IMPULSORA DE MERCADOS DE MEXICO,Pago Cliente 'IMPULSORA DE MERCADOS DE MEXICO',2700,432,3132,3132,0,Peso mexicano,979
Timbrado,862592B7-7AE0-4077-B498-0D9CC471141D,0,2,,05/01/2024,,BEBIDAS PURIFICADAS,Pago Cliente 'BEBIDAS PURIFICADAS',29830,4772.8,34602.8,34602.8,0,Peso mexicano,1049
Timbrado,BD9F2880-C2C3-4733-B732-A153B07E0FC3,0,2,,09/01/2024,,JUNTA DE AGUA POTABLE Y ALCANTARILLADO DE YUCATAN,Pago Cliente 'JUNTA DE AGUA POTABLE Y ALCANTARILLADO DE YUCATAN',13697.875,2191.66,15889.52,15889.52,0,Peso mexicano,1050
Timbrado,20CFB835-A755-42A1-841A-1641E25D80B5,0,2,,11/01/2024,,GRUPO BOXITO,Pago Cliente 'GRUPO BOXITO',25920,4147.2,30067.2,30067.2,0,Peso mexicano,1051
Opcional,,0,2,,16/01/2024,16/01/2024,MEDIOS ELECTRONICOS DE MERIDA,Cobro Cliente MEDIOS ELECTRONICOS DE MERIDA,90000,14400,104400,104400,0,Peso mexicano,1205
Timbrado,7B9E35AB-4283-44BF-8C55-4518B4BE78F0,0,2,,18/01/2024,,GRUPO BOXITO,Pago Cliente 'GRUPO BOXITO',7000,1120,8120,8120,0,Peso mexicano,1052
Opcional,,0,2,,26/01/2024,26/01/2024,MEDIOS ELECTRONICOS DE MERIDA,Cobro Cliente MEDIOS ELECTRONICOS DE MERIDA,50000,8000,58000,58000,0,Peso mexicano,1206
Opcional,,0,2,,29/01/2024,29/01/2024,IKTAN MOVIL,Cobro Cliente IKTAN MOVIL,35062.5,5610,40672.5,40672.5,0,Peso mexicano,1207
Timbrado,2C3C002A-0A94-4382-AD4B-C1B18D1CB8C5,0,3,,29/01/2024,,CADENA COMERCIAL OXXO,Pago Cliente 'CADENA COMERCIAL OXXO',5940,950.4,6890.4,6890.4,0,Peso mexicano,1200
Opcional,,0,2,,06/02/2024,06/02/2024,MEDIOS ELECTRONICOS DE MERIDA,Cobro Cliente MEDIOS ELECTRONICOS DE MERIDA,20000,3200,23200,23200,0,Peso mexicano,1283
Opcional,,0,2,,06/02/2024,06/02/2024,MEDIOS ELECTRONICOS DE MERIDA,Cobro Cliente MEDIOS ELECTRONICOS DE MERIDA,40000,6400,46400,46400,0,Peso mexicano,1259
Opcional,,0,2,,13/02/2024,13/02/2024,MEDIOS ELECTRONICOS DE MERIDA,Cobro Cliente MEDIOS ELECTRONICOS DE MERIDA,80000,12800,92800,92800,0,Peso mexicano,1284
Timbrado,C59F3250-E06D-49B5-9430-B6474F633DE2,0,2,,16/02/2024,,CADENA COMERCIAL OXXO,Pago Cliente 'CADENA COMERCIAL OXXO',2700,432,3132,3132,0,Peso mexicano,1245
Timbrado,DC1687CE-9A93-44B0-B089-D1424AA1595A,0,2,,22/02/2024,,GRUPO BOXITO,Pago Cliente 'GRUPO BOXITO',20070,3211.2,23281.2,23281.2,0,Peso mexicano,1260
Timbrado,80B3CCB8-ADA1-4494-8094-AEF3FC385338,0,3,,23/02/2024,,CADENA COMERCIAL OXXO,Pago Cliente 'CADENA COMERCIAL OXXO',5940,950.4,6890.4,6890.4,0,Peso mexicano,1261
Opcional,,0,2,,27/02/2024,27/02/2024,MEDIOS ELECTRONICOS DE MERIDA,Cobro Cliente MEDIOS ELECTRONICOS DE MERIDA,20000,3200,23200,23200,0,Peso mexicano,1286
Opcional,,0,2,,27/02/2024,27/02/2024,MEDIOS ELECTRONICOS DE MERIDA,Cobro Cliente MEDIOS ELECTRONICOS DE MERIDA,20000,3200,23200,23200,0,Peso mexicano,1285
Opcional,,0,2,,28/02/2024,28/02/2024,MUNICIPIO DE KANASIN,Cobro Cliente MUNICIPIO DE KANASIN,20000,3200,23200,23200,0,Peso mexicano,1287
Opcional,,0,3,,29/02/2024,29/02/2024,IKTAN MOVIL,Cobro Cliente IKTAN MOVIL,51975,8316,60291,60291,0,Peso mexicano,1316
Opcional,,0,2,,05/03/2024,05/03/2024,MEDIOS ELECTRONICOS DE MERIDA,Cobro Cliente MEDIOS ELECTRONICOS DE MERIDA,20000,3200,23200,23200,0,Peso mexicano,11349
Timbrado,6415AC87-0457-4A9B-B4BF-CD119C9AED8A,0,2,,06/03/2024,,SECRETARIA DE ADMINISTRACION Y FINANZAS,Pago Cliente 'SECRETARIA DE ADMINISTRACION Y FINANZAS',90000,14400,104400,104400,0,Peso mexicano,1318
Timbrado,A6E463ED-DED5-4E6F-8E9B-87CCF2D6E3B9,0,8,,11/03/2024,,FARMACON,Pago Cliente 'FARMACON',18060,2889.6,20949.6,20949.6,-3.64E-12,Peso mexicano,1317
Timbrado,BD4AEFE1-B398-4266-A3C2-F6F33B8DF0CE,0,2,,12/03/2024,,INSTITUTO DEL DEPORTE DEL ESTADO DE YUCATAN,Pago Cliente 'INSTITUTO DEL DEPORTE DEL ESTADO DE YUCATAN',15000,2400,17400,17400,0,Peso mexicano,1319
Timbrado,071ED2C9-E0EA-4176-B2C9-73179C2E7568,0,2,,14/03/2024,,MUNICIPIO DE MERIDA YUCATAN,Pago Cliente 'MUNICIPIO DE MERIDA YUCATAN',300000,48000,348000,348000,0,Peso mexicano,11351
Timbrado,D6CF2BD5-E9D3-4FDF-808A-31504BBF36CA,0,3,,14/03/2024,,GRUPO BOXITO,Pago Cliente 'GRUPO BOXITO',25100,4016,29116,29116,0,Peso mexicano,1334
Timbrado,E09BBFE2-435F-415F-A18F-F855BA8A09EA,0,2,,25/03/2024,,CADENA COMERCIAL OXXO,Pago Cliente 'CADENA COMERCIAL OXXO',2700,432,3132,3132,0,Peso mexicano,11350
Timbrado,584246EE-3AC8-4C7A-A4F6-645EF1855BA7,0,5,,04/04/2024,,FARMACON,Pago Cliente 'FARMACON',10200,1632,11832,11832,0,Peso mexicano,11373
Timbrado,3811D75F-97E7-472E-92D3-5DBAB86FFE13,0,2,,04/04/2024,,SISTEMA PARA EL DESARROLLO INTEGRAL DE LA FAMILIA EN YUCATAN,Pago Cliente 'SISTEMA PARA EL DESARROLLO INTEGRAL DE LA FAMILIA EN YUCATAN',30000,4800,34800,34800,0,Peso mexicano,11372
Timbrado,0E6BF0FA-2AF4-4A4C-9A39-D14F928C2154,0,2,,05/04/2024,,JUNTA DE AGUA POTABLE Y ALCANTARILLADO DE YUCATAN,Pago Cliente 'JUNTA DE AGUA POTABLE Y ALCANTARILLADO DE YUCATAN',22655.1875,3624.83,26279.99,26279.99,0,Peso mexicano,11374
Timbrado,E555B7C4-EC76-498E-8EB1-D7A6024561F1,0,2,,08/04/2024,,INSTITUTO DE MOVILIDAD Y DESARROLLO URBANO TERRITORIAL,Pago Cliente 'INSTITUTO DE MOVILIDAD Y DESARROLLO URBANO TERRITORIAL',91773.66,14683.7856,106457.45,106457.45,0,Peso mexicano,11375
Timbrado,9B27D41F-0A07-40BF-941C-ACF808476B10,0,2,,09/04/2024,,SECRETARIA DE ADMINISTRACION Y FINANZAS,Pago Cliente 'SECRETARIA DE ADMINISTRACION Y FINANZAS',68474,10955.84,79429.84,79429.84,0,Peso mexicano,11377
Timbrado,4FE13C31-852B-4959-8DDE-C06BE66038C8,0,2,,09/04/2024,,SECRETARIA DE ADMINISTRACION Y FINANZAS,Pago Cliente 'SECRETARIA DE ADMINISTRACION Y FINANZAS',239148,38263.68,277411.68,277411.68,0,Peso mexicano,11376
Timbrado,95A303E1-06FB-403C-96B2-006844E8D1E0,0,2,,11/04/2024,,GRUPO BOXITO,Pago Cliente 'GRUPO BOXITO',17910,2865.6,20775.6,20775.6,0,Peso mexicano,11411
Timbrado,F115DA87-459F-4B93-AF9F-5B3B5F0EAE70,0,2,,17/04/2024,,SERVICIOS DE SALUD DE YUCATAN,Pago Cliente 'SERVICIOS DE SALUD DE YUCATAN',87220.6875,13955.31,101176,101176,0,Peso mexicano,11428
Timbrado,A7D42698-EB74-4CB0-9E61-8B7E33D2A6C2,0,3,,19/04/2024,,CADENA COMERCIAL OXXO,Pago Cliente 'CADENA COMERCIAL OXXO',5940,950.4,6890.4,6890.4,0,Peso mexicano,11429
Timbrado,137B49BE-CC5D-4F9C-B972-99E73EE04D4B,0,2,,26/04/2024,,SISTEMA PARA EL DESARROLLO INTEGRAL DE LA FAMILIA EN YUCATAN,Pago Cliente 'SISTEMA PARA EL DESARROLLO INTEGRAL DE LA FAMILIA EN YUCATAN',30303,4848.48,35151.48,35151.48,0,Peso mexicano,21428
Timbrado,31858169-338A-4AAA-8373-E5BC458C3734,0,2,,29/04/2024,,SECRETARIA DE ADMINISTRACION Y FINANZAS,Pago Cliente 'SECRETARIA DE ADMINISTRACION Y FINANZAS',179878,28780.48,208658.48,208658.48,0,Peso mexicano,21589
Timbrado,F10CF6B4-10DB-4737-8191-2FC7FE69933A,0,2,,30/04/2024,,PATRONATO DE LAS UNIDADES DE SERVICIOS CULTURALES Y TURISTICOS DEL ESTADO DE YUCATAN,Pago Cliente 'PATRONATO DE LAS UNIDADES DE SERVICIOS CULTURALES Y TURISTICOS DEL ESTADO DE YUCATAN',37305,5968.8,43273.8,43273.8,0,Peso mexicano,21590
Timbrado,245B9AC4-D6F3-42E9-BEBD-ECA9D1A05A81,0,2,,02/05/2024,,MAYOREO ELECTRONICO PENINSULAR,Pago Cliente 'MAYOREO ELECTRONICO PENINSULAR',8190,1310.4,9500.4,9500.4,0,Peso mexicano,21603
Timbrado,328C4823-9792-4DB3-A5C8-E86FFC6BEC7F,0,7,,06/05/2024,,FARMACON,Pago Cliente 'FARMACON',26280,4204.8,30484.8,30484.8,0,Peso mexicano,21604
Timbrado,BF7B4D60-761E-4D39-B1C6-C505E2233123,0,2,,09/05/2024,,MAYOREO ELECTRONICO PENINSULAR,Pago Cliente 'MAYOREO ELECTRONICO PENINSULAR',15000,2400,17400,17400,0,Peso mexicano,21617
Timbrado,E865C9CA-6C6F-4D17-BD90-E6C549E33C45,0,2,,13/05/2024,,PATRONATO DE LAS UNIDADES DE SERVICIOS CULTURALES Y TURISTICOS DEL ESTADO DE YUCATAN,Pago Cliente 'PATRONATO DE LAS UNIDADES DE SERVICIOS CULTURALES Y TURISTICOS DEL ESTADO DE YUCATAN',37695,6031.2,43726.2,43726.2,0,Peso mexicano,21618
Timbrado,60AA0728-91E2-4AF1-BBA3-DE60AD8A67AC,0,2,,16/05/2024,,GRUPO BOXITO,Pago Cliente 'GRUPO BOXITO',18405,2944.8,21349.8,21349.8,0,Peso mexicano,21616
Timbrado,6BF9C1A8-4192-49CF-AC94-5116DCA085B3,0,3,,17/05/2024,,FARMACON,Pago Cliente 'FARMACON',4080,652.8,4732.8,4732.8,0,Peso mexicano,21615
Timbrado,60DC3E0D-67CC-43C3-A8CF-1166196CCE9E,0,3,,21/05/2024,,CADENA COMERCIAL OXXO,Pago Cliente 'CADENA COMERCIAL OXXO',6930,1108.8,8038.8,8038.8,0,Peso mexicano,21626
Timbrado,35243C25-76F6-4D9A-A477-83FAEC3E531A,0,2,,23/05/2024,,SISTEMA PARA EL DESARROLLO INTEGRAL DE LA FAMILIA EN YUCATAN,Pago Cliente 'SISTEMA PARA EL DESARROLLO INTEGRAL DE LA FAMILIA EN YUCATAN',15651,2504.16,18155.16,18155.16,0,Peso mexicano,21627
Timbrado,725A918F-F5E7-4283-BC60-22E14D34908A,0,3,,24/05/2024,,CADENA COMERCIAL OXXO,Pago Cliente 'CADENA COMERCIAL OXXO',5670,907.2,6577.2,6577.2,0,Peso mexicano,21628
Opcional,,0,2,,28/05/2024,28/05/2024,IKTAN MOVIL,Cobro Cliente IKTAN MOVIL,18562.5,2970,21532.5,21532.5,0,Peso mexicano,21629
Timbrado,31963DD9-920F-41D0-96B1-971AA2A4CF01,0,2,,30/05/2024,,INSTITUTO DEL DEPORTE DEL ESTADO DE YUCATAN,Pago Cliente 'INSTITUTO DEL DEPORTE DEL ESTADO DE YUCATAN',11408,1825.28,13233.28,13233.28,0,Peso mexicano,21689
