Complemento Pago,,PI,No.,Fecha,Fecha Afectaci�n,Cliente,Descripci�n,Subtotal,Impuestos,Total,Cobrado,Saldo,Divisa,UUID,ID Operacion
Timbrado,0,2,,30/5/2024,,INSTITUTO DEL DEPORTE DEL ESTADO DE YUCATAN,Pago Cliente 'INSTITUTO DEL DEPORTE DEL ESTADO DE YUCATAN',10416,1666.56,12082.56,12082.56,0,Peso mexicano,0FB08C3B-1ADD-4380-ACD6-DE062CE5E9EE,11741
Opcional,0,2,,28/5/2024,28/5/2024,IKTAN MOVIL,Cobro Cliente IKTAN MOVIL,30937.5,4950,35887.5,35887.5,0,Peso mexicano,,11662
Opcional,0,2,,27/5/2024,27/5/2024,DIGITAL CEL,Cobro Cliente DIGITAL CEL,75870,12139.2,88009.2,88009.2,0,Peso mexicano,,11661
Opcional,0,2,,26/5/2024,26/5/2024,MEDIOS ELECTRONICOS DE MERIDA,Cobro Cliente MEDIOS ELECTRONICOS DE MERIDA,20000,3200,23200,23200,0,Peso mexicano,,11656
Opcional,0,2,,26/5/2024,26/5/2024,MEDIOS ELECTRONICOS DE MERIDA,Cobro Cliente MEDIOS ELECTRONICOS DE MERIDA,20000,3200,23200,23200,0,Peso mexicano,,11655
Timbrado,0,2,,24/5/2024,,CADENA COMERCIAL OXXO,Pago Cliente 'CADENA COMERCIAL OXXO',3510,561.6,4071.6,4071.6,0,Peso mexicano,676FBF91-D992-48B5-94AA-72AD90F652DC,11654
Timbrado,0,2,,23/5/2024,,SISTEMA PARA EL DESARROLLO INTEGRAL DE LA FAMILIA EN YUCATAN,Pago Cliente 'SISTEMA PARA EL DESARROLLO INTEGRAL DE LA FAMILIA EN YUCATAN',15651,2504.16,18155.16,18155.16,0,Peso mexicano,FA13705B-AFB7-4A1D-8CB9-882A94E1135F,11653
Opcional,0,2,,21/5/2024,21/5/2024,MEDIOS ELECTRONICOS DE MERIDA,Cobro Cliente MEDIOS ELECTRONICOS DE MERIDA,20000,3200,23200,23200,0,Peso mexicano,,11649
Opcional,0,2,,21/5/2024,21/5/2024,MEDIOS ELECTRONICOS DE MERIDA,Cobro Cliente MEDIOS ELECTRONICOS DE MERIDA,20000,3200,23200,23200,0,Peso mexicano,,11648
Opcional,0,2,,21/5/2024,21/5/2024,MEDIOS ELECTRONICOS DE MERIDA,Cobro Cliente MEDIOS ELECTRONICOS DE MERIDA,20000,3200,23200,23200,0,Peso mexicano,,11650
Timbrado,0,3,,21/5/2024,,CADENA COMERCIAL OXXO,Pago Cliente 'CADENA COMERCIAL OXXO',6930,1108.8,8038.8,8038.8,0,Peso mexicano,40437D83-BB63-4D47-9E75-89D797C73023,11647
Timbrado,0,2,,16/5/2024,,GRUPO BOXITO,Pago Cliente 'GRUPO BOXITO',17670,2827.2,20497.2,20497.2,0,Peso mexicano,8E82E680-13DD-459D-A043-E09D061D958F,11635
Timbrado,0,2,,13/5/2024,,PATRONATO DE LAS UNIDADES DE SERVICIOS CULTURALES Y TURISTICOS DEL ESTADO DE YUCATAN,Pago Cliente 'PATRONATO DE LAS UNIDADES DE SERVICIOS CULTURALES Y TURISTICOS DEL ESTADO DE YUCATAN',37695,6031.2,43726.2,43726.2,0,Peso mexicano,BD6C4508-22FD-4EBE-ACCA-C8804DD10B45,11637
Opcional,0,2,,6/5/2024,6/5/2024,COMERCIALIZADORA PRODUCTIVA,Cobro Cliente COMERCIALIZADORA PRODUCTIVA,5000,800,5800,5800,0,Peso mexicano,,11636
Timbrado,0,2,,6/5/2024,,SECRETARIA DE ADMINISTRACION Y FINANZAS,Pago Cliente 'SECRETARIA DE ADMINISTRACION Y FINANZAS',177887,28461.92,206348.92,206348.92,0,Peso mexicano,0C5F90B6-7825-44DC-81CE-DA674E42849B,11613
Timbrado,0,9,,6/5/2024,,SUPER SAN FRANCISCO DE ASIS,Pago Cliente 'SUPER SAN FRANCISCO DE ASIS',12303,1968.48,14271.48,14271.48,-1.82E-12,Peso mexicano,A39548F8-EA24-4BAE-8069-1C574EBDED01,11612
Timbrado,0,2,,30/4/2024,,PATRONATO DE LAS UNIDADES DE SERVICIOS CULTURALES Y TURISTICOS DEL ESTADO DE YUCATAN,Pago Cliente 'PATRONATO DE LAS UNIDADES DE SERVICIOS CULTURALES Y TURISTICOS DEL ESTADO DE YUCATAN',37305,5968.8,43273.8,43273.8,0,Peso mexicano,770BAF96-BFEE-4BF8-864A-AA937FC83BD7,11605
Timbrado,0,2,,29/4/2024,29/4/2024,MAYOREO ELECTRONICO PENINSULAR,Pago Cliente 'MAYOREO ELECTRONICO PENINSULAR',3780,604.8,4384.8,4384.8,0,Peso mexicano,375CB66B-D282-4193-8D8C-7730109EF7D6,11603
Timbrado,0,2,,29/4/2024,29/4/2024,MAYOREO ELECTRONICO PENINSULAR,Pago Cliente 'MAYOREO ELECTRONICO PENINSULAR',9450,1512,10962,10962,0,Peso mexicano,FFE9ADDF-9458-4C32-9A30-2C3F031AA7E2,11602
Timbrado,0,2,,29/4/2024,29/4/2024,MAYOREO ELECTRONICO PENINSULAR,Pago Cliente 'MAYOREO ELECTRONICO PENINSULAR',8190,1310.4,9500.4,9500.4,0,Peso mexicano,9AC141F2-2A6F-4ECF-82B8-77A6A976168D,11604
Timbrado,0,2,,26/4/2024,,SISTEMA PARA EL DESARROLLO INTEGRAL DE LA FAMILIA EN YUCATAN,Pago Cliente 'SISTEMA PARA EL DESARROLLO INTEGRAL DE LA FAMILIA EN YUCATAN',30303,4848.48,35151.48,35151.48,0,Peso mexicano,6BB4EF64-820A-4C28-AE6A-A11395EAA72D,11531
Opcional,0,2,,25/4/2024,25/4/2024,IKTAN MOVIL,Cobro Cliente IKTAN MOVIL,33275,5324,38599,38599,0,Peso mexicano,,11606
Timbrado,0,2,,12/4/2024,,SERVICIOS DE SALUD DE YUCATAN,Pago Cliente 'SERVICIOS DE SALUD DE YUCATAN',79462.0625,12713.93,92176,92176,0,Peso mexicano,7B662941-5151-4200-9BE0-B2EAB96D03B8,11508
Timbrado,0,2,,11/4/2024,,GRUPO BOXITO,Pago Cliente 'GRUPO BOXITO',17160,2745.6,19905.6,19905.6,0,Peso mexicano,D758CBF2-09CB-4512-B276-582B85423747,11509
Timbrado,0,2,,9/4/2024,,SECRETARIA DE ADMINISTRACION Y FINANZAS,Pago Cliente 'SECRETARIA DE ADMINISTRACION Y FINANZAS',70465,11274.4,81739.4,81739.4,0,Peso mexicano,EB683F12-FE31-421A-A698-5B658F4E228C,11505
Timbrado,0,6,,9/4/2024,,SUPER SAN FRANCISCO DE ASIS,Pago Cliente 'SUPER SAN FRANCISCO DE ASIS',5976,956.16,6932.16,6932.16,9.09E-13,Peso mexicano,87FCD0DB-5F48-43A9-A152-05D2A3967AD2,11504
Timbrado,0,2,,9/4/2024,,SECRETARIA DE ADMINISTRACION Y FINANZAS,Pago Cliente 'SECRETARIA DE ADMINISTRACION Y FINANZAS',239148,38263.68,277411.68,277411.68,0,Peso mexicano,33B91ADB-BC62-4414-8127-17E54E2C649F,11506
Timbrado,0,2,,8/4/2024,,INSTITUTO DE MOVILIDAD Y DESARROLLO URBANO TERRITORIAL,Pago Cliente 'INSTITUTO DE MOVILIDAD Y DESARROLLO URBANO TERRITORIAL',91773.66,14683.7856,106457.45,106457.45,0,Peso mexicano,E3A8210B-5269-4B9F-90B4-4439903ABCA0,11507
Timbrado,0,2,,5/4/2024,,JUNTA DE AGUA POTABLE Y ALCANTARILLADO DE YUCATAN,Pago Cliente 'JUNTA DE AGUA POTABLE Y ALCANTARILLADO DE YUCATAN',22655.1875,3624.83,26279.99,26279.99,0,Peso mexicano,5BA41BDE-2087-4F66-8C3A-E4B35D63890A,11503
Timbrado,0,2,,4/4/2024,,SISTEMA PARA EL DESARROLLO INTEGRAL DE LA FAMILIA EN YUCATAN,Pago Cliente 'SISTEMA PARA EL DESARROLLO INTEGRAL DE LA FAMILIA EN YUCATAN',30000,4800,34800,34800,0,Peso mexicano,3C22F8CC-0995-4AA9-8C3A-EAD781011344,11502
Timbrado,0,2,,3/4/2024,,RADIOMOVIL DIPSA,Pago Cliente 'RADIOMOVIL DIPSA',9000,1440,10440,10440,0,Peso mexicano,EEF26649-BAA2-42A7-8492-C4455CACA6FA,11501
Opcional,0,2,,2/4/2024,2/4/2024,MEDIOS ELECTRONICOS DE MERIDA,Cobro Cliente MEDIOS ELECTRONICOS DE MERIDA,20000,3200,23200,23200,0,Peso mexicano,,11532
Opcional,0,2,,2/4/2024,2/4/2024,MEDIOS ELECTRONICOS DE MERIDA,Cobro Cliente MEDIOS ELECTRONICOS DE MERIDA,20000,3200,23200,23200,0,Peso mexicano,,11533
Opcional,0,2,,26/3/2024,26/3/2024,IKTAN MOVIL,Cobro Cliente IKTAN MOVIL,26950,4312,31262,31262,0,Peso mexicano,,11447
Timbrado,0,2,,14/3/2024,,GRUPO BOXITO,Pago Cliente 'GRUPO BOXITO',14420,2307.2,16727.2,16727.2,0,Peso mexicano,4B1390FF-D20E-453C-9136-BA52FA33112B,11448
Opcional,0,2,,14/3/2024,14/3/2024,TAINO TOURS,Cobro Cliente TAINO TOURS,10000,1600,11600,11600,0,Peso mexicano,,11446
Timbrado,0,2,,12/3/2024,,SECRETARIA DE ADMINISTRACION Y FINANZAS,Pago Cliente 'SECRETARIA DE ADMINISTRACION Y FINANZAS',90000,14400,104400,104400,0,Peso mexicano,3BA86D6F-EEBD-4E73-86AA-96788E50345F,1427
Timbrado,0,2,,12/3/2024,,INSTITUTO DEL DEPORTE DEL ESTADO DE YUCATAN,Pago Cliente 'INSTITUTO DEL DEPORTE DEL ESTADO DE YUCATAN',15000,2400,17400,17400,0,Peso mexicano,A46D96F2-350E-4ADC-9B67-738326403030,1428
Timbrado,0,10,,5/3/2024,,SUPER SAN FRANCISCO DE ASIS,Pago Cliente 'SUPER SAN FRANCISCO DE ASIS',14355,2296.8,16651.8,16651.8,0,Peso mexicano,D72A56BC-2E97-4B8A-B1B7-B5993C14431C,1413
Timbrado,0,2,,4/3/2024,,SUPER SAN FRANCISCO DE ASIS,Pago Cliente 'SUPER SAN FRANCISCO DE ASIS',3951,632.16,4583.16,4583.16,0,Peso mexicano,45FD3C06-CB32-4FBB-91A0-7003C27D964F,1412
Opcional,0,3,,29/2/2024,29/2/2024,IKTAN MOVIL,Cobro Cliente IKTAN MOVIL,51975,8316,60291,60291,0,Peso mexicano,,1379
Opcional,0,2,,27/2/2024,27/2/2024,DIGITAL CEL,Cobro Cliente DIGITAL CEL,74790,11966.4,86756.4,86756.4,0,Peso mexicano,,1372
Timbrado,0,2,,22/2/2024,,GRUPO BOXITO,Pago Cliente 'GRUPO BOXITO',19200,3072,22272,22272,0,Peso mexicano,CA3AB0A4-BE7F-4657-A4BF-F5A24D70BC4B,1373
Timbrado,0,2,,20/2/2024,,RADIOMOVIL DIPSA,Pago Cliente 'RADIOMOVIL DIPSA',27000,4320,31320,31320,0,Peso mexicano,AF189CD9-C9A8-4904-82CD-1C6F9234C462,1328
Timbrado,0,2,,19/2/2024,,SUPER SAN FRANCISCO DE ASIS,Pago Cliente 'SUPER SAN FRANCISCO DE ASIS',6186,989.76,7175.76,7175.76,0,Peso mexicano,EEF4ECA0-4FFE-4AE7-BFCD-CA9782C9105E,1327
Opcional,0,2,,29/1/2024,29/1/2024,IKTAN MOVIL,Cobro Cliente IKTAN MOVIL,54450,8712,63162,63162,0,Peso mexicano,,1101
Opcional,0,2,,25/1/2024,25/1/2024,DIGITAL CEL,Cobro Cliente DIGITAL CEL,9990,1598.4,11588.4,11588.4,0,Peso mexicano,,1100
Opcional,0,2,,25/1/2024,25/1/2024,DIGITAL CEL,Cobro Cliente DIGITAL CEL,92340,14774.4,107114.4,107114.4,0,Peso mexicano,,1099
Timbrado,0,2,,18/1/2024,,GRUPO BOXITO,Pago Cliente 'GRUPO BOXITO',6000,960,6960,6960,0,Peso mexicano,47E7F4E3-C120-493B-A21D-933C8CD0BDAB,1086
Opcional,0,2,,16/1/2024,16/1/2024,MEDIOS ELECTRONICOS DE MERIDA,Cobro Cliente MEDIOS ELECTRONICOS DE MERIDA,30000,4800,34800,34800,0,Peso mexicano,,1098
Timbrado,0,2,,11/1/2024,,GRUPO BOXITO,Pago Cliente 'GRUPO BOXITO',24840,3974.4,28814.4,28814.4,0,Peso mexicano,EFD8671E-0991-4E6D-9AF7-8033E42F535A,1085
Timbrado,0,2,,9/1/2024,,JUNTA DE AGUA POTABLE Y ALCANTARILLADO DE YUCATAN,Pago Cliente 'JUNTA DE AGUA POTABLE Y ALCANTARILLADO DE YUCATAN',13697.875,2191.66,15889.52,15889.52,0,Peso mexicano,8CC2BB86-3F92-4814-8938-2918A6CE2E42,1084
Opcional,0,2,,8/1/2024,8/1/2024,MEDIOS ELECTRONICOS DE MERIDA,Cobro Cliente MEDIOS ELECTRONICOS DE MERIDA,100000,16000,116000,116000,0,Peso mexicano,,1097
Opcional,0,2,,6/1/2024,6/1/2024,MEDIOS ELECTRONICOS DE MERIDA,Cobro Cliente MEDIOS ELECTRONICOS DE MERIDA,30000,4800,34800,34800,0,Peso mexicano,,1096
Timbrado,0,2,,4/1/2024,,GRUPO BOXITO,Pago Cliente 'GRUPO BOXITO',9000,1440,10440,10440,0,Peso mexicano,22EBCD49-F6DE-4D19-B907-FFA984862497,1083
Timbrado,0,2,,29/12/2023,,IMPULSORA DE MERCADOS DE MEXICO,Pago Cliente 'IMPULSORA DE MERCADOS DE MEXICO',2700,432,3132,3132,0,Peso mexicano,A20B051B-F3DE-4E99-90B4-1F1FA397DB24,1021
Timbrado,0,2,,29/12/2023,,SUPER SAN FRANCISCO DE ASIS,Pago Cliente 'SUPER SAN FRANCISCO DE ASIS',1088,174.08,1262.08,1262.08,0,Peso mexicano,5A8D1161-F99A-471D-8E37-8267320BE0CC,1020
Timbrado,0,6,,28/12/2023,,SUPER SAN FRANCISCO DE ASIS,Pago Cliente 'SUPER SAN FRANCISCO DE ASIS',5239,838.24,6077.24,6077.24,0,Peso mexicano,7513B1A8-E79B-485E-BB07-1AFF9AB22D7F,1019
Timbrado,0,13,,27/12/2023,,CADENA COMERCIAL OXXO,Pago Cliente 'CADENA COMERCIAL OXXO',40050,6408,46458,46458,0,Peso mexicano,35BE3B4C-38C6-4F30-B960-DDDDF981FFD8,1018
Timbrado,0,2,,27/12/2023,,SECRETARIA DE ADMINISTRACION Y FINANZAS,Pago Cliente 'SECRETARIA DE ADMINISTRACION Y FINANZAS',4040.9375,646.55,4687.5,4687.5,0,Peso mexicano,F76426EF-BEB5-4BCB-8264-633186DD8050,1017
Opcional,0,2,,21/12/2023,21/12/2023,DIGITAL CEL,Cobro Cliente DIGITAL CEL,88200,14112,102312,102312,0,Peso mexicano,,965
Timbrado,0,2,,21/12/2023,,SISTEMA PARA EL DESARROLLO INTEGRAL DE LA FAMILIA EN YUCATAN,Pago Cliente 'SISTEMA PARA EL DESARROLLO INTEGRAL DE LA FAMILIA EN YUCATAN',3340,534.4,3874.4,3874.4,0,Peso mexicano,8254201C-D2C0-41E3-A343-F531AF99C1CC,962
Opcional,0,2,,20/12/2023,20/12/2023,IKTAN MOVIL,Cobro Cliente IKTAN MOVIL,28875,4620,33495,33495,0,Peso mexicano,,963
Timbrado,0,2,,20/12/2023,,SECRETARIA DE ADMINISTRACION Y FINANZAS,Pago Cliente 'SECRETARIA DE ADMINISTRACION Y FINANZAS',6770.3125,1083.25,7853.56,7853.56,0,Peso mexicano,7F966865-2592-4BEC-BEB6-D5CFFBF260C7,961
Timbrado,0,2,,18/12/2023,,SECRETARIA DE ADMINISTRACION Y FINANZAS,Pago Cliente 'SECRETARIA DE ADMINISTRACION Y FINANZAS',4040.9375,646.55,4687.5,4687.5,0,Peso mexicano,81EF26B7-2B1F-4070-934A-28F1DF3CAC49,960
Timbrado,0,2,,15/12/2023,,INSTITUTO DE MOVILIDAD Y DESARROLLO URBANO TERRITORIAL,Pago Cliente 'INSTITUTO DE MOVILIDAD Y DESARROLLO URBANO TERRITORIAL',31440.25,5030.44,36470.68,36470.68,0,Peso mexicano,84E45299-6ADE-4094-B117-3FA165EC38E8,959
Timbrado,0,4,,15/12/2023,,CADENA COMERCIAL OXXO,Pago Cliente 'CADENA COMERCIAL OXXO',8100,1296,9396,9396,0,Peso mexicano,07DFD8CD-77A2-4133-B023-CEF496A1C426,958
Timbrado,0,2,,14/12/2023,,SECRETARIA DE ADMINISTRACION Y FINANZAS,Pago Cliente 'SECRETARIA DE ADMINISTRACION Y FINANZAS',4040.9375,646.55,4687.5,4687.5,0,Peso mexicano,15AB786B-A0C1-496B-97BE-4732895E0E0D,957
Timbrado,0,5,,14/12/2023,,GRUPO BOXITO,Pago Cliente 'GRUPO BOXITO',89435,14309.6,103744.6,103744.6,0,Peso mexicano,377366B5-513F-4611-B159-BC6E7F88EB69,956
Timbrado,0,3,,11/12/2023,,CADENA COMERCIAL OXXO,Pago Cliente 'CADENA COMERCIAL OXXO',5670,907.2,6577.2,6577.2,0,Peso mexicano,2A6D050B-B71D-450E-BAEE-07F23438127B,955
Timbrado,0,2,,8/12/2023,,SECRETARIA DE ADMINISTRACION Y FINANZAS,Pago Cliente 'SECRETARIA DE ADMINISTRACION Y FINANZAS',163331.5,26133.04,189464.54,189464.54,0,Peso mexicano,E3E72420-0C46-4C78-865D-0010751E2D66,954
Timbrado,0,7,,4/12/2023,,SUPER SAN FRANCISCO DE ASIS,Pago Cliente 'SUPER SAN FRANCISCO DE ASIS',11759,1881.44,13640.44,13640.44,1.82E-12,Peso mexicano,F4018BFE-2156-4BCE-97CF-3E348EDB528C,953
Timbrado,0,2,,1/12/2023,,JUNTA DE AGUA POTABLE Y ALCANTARILLADO DE YUCATAN,Pago Cliente 'JUNTA DE AGUA POTABLE Y ALCANTARILLADO DE YUCATAN',10912,1745.92,12657.92,12657.92,0,Peso mexicano,2312036E-CB75-4B64-9E00-ACD83048812F,952
Timbrado,0,2,,29/11/2023,,INSTITUTO DE MOVILIDAD Y DESARROLLO URBANO TERRITORIAL,Pago Cliente 'INSTITUTO DE MOVILIDAD Y DESARROLLO URBANO TERRITORIAL',50592,8094.72,58686.72,58686.72,0,Peso mexicano,F348DACC-154A-4F1D-91C5-B93F6377A59F,831
Opcional,0,2,,28/11/2023,28/11/2023,IKTAN MOVIL,Cobro Cliente IKTAN MOVIL,35750,5720,41470,41470,0,Peso mexicano,,770
Timbrado,0,2,,24/11/2023,,SECRETARIA DE ADMINISTRACION Y FINANZAS,Pago Cliente 'SECRETARIA DE ADMINISTRACION Y FINANZAS',5170.5,827.28,5997.78,5997.78,0,Peso mexicano,6EBDD488-580F-48C3-B950-00C06AF9AB95,769
Timbrado,0,3,,24/11/2023,,CADENA COMERCIAL OXXO,Pago Cliente 'CADENA COMERCIAL OXXO',6480,1036.8,7516.8,7516.8,0,Peso mexicano,1C7A6BD4-DB84-4B68-A56F-0E089A8BB86A,768
Timbrado,0,2,,24/11/2023,,IMPULSORA DE MERCADOS DE MEXICO,Pago Cliente 'IMPULSORA DE MERCADOS DE MEXICO',2700,432,3132,3132,0,Peso mexicano,13DACC4B-27D7-49AA-AF36-CD8AB673537C,767
Opcional,0,2,,22/11/2023,22/11/2023,DIGITAL CEL,Cobro Cliente DIGITAL CEL,74250,11880,86130,86130,0,Peso mexicano,,762
Timbrado,0,2,,21/11/2023,,RADIOMOVIL DIPSA,Pago Cliente 'RADIOMOVIL DIPSA',9000,1440,10440,10440,0,Peso mexicano,9C070721-6A54-4BD5-83E3-C6AE549C3BBF,722
Timbrado,0,2,,16/11/2023,,SERVICIOS DE SALUD DE YUCATAN,Pago Cliente 'SERVICIOS DE SALUD DE YUCATAN',20513.5625,3282.17,23795.72,23795.72,0,Peso mexicano,E6EAA339-D6EB-4580-8279-7F5B60BB5518,721
,0,2,,14/11/2023,,SECRETARIA DE ADMINISTRACION Y FINANZAS,Pago Cliente 'SECRETARIA DE ADMINISTRACION Y FINANZAS',7468.5,1194.96,8663.46,8663.46,0,Peso mexicano,88F53CEF-C9BD-47FF-8F13-D5C57C4EC886,718
,0,2,,10/11/2023,,IMPULSORA DE MERCADOS DE MEXICO,Pago Cliente 'IMPULSORA DE MERCADOS DE MEXICO',2700,432,3132,3132,0,Peso mexicano,BA3C6B4C-D2AA-4DD0-AE38-FD56979B3FD9,715
,0,2,,10/11/2023,,SISTEMA PARA EL DESARROLLO INTEGRAL DE LA FAMILIA EN YUCATAN,Pago Cliente 'SISTEMA PARA EL DESARROLLO INTEGRAL DE LA FAMILIA EN YUCATAN',3316,530.56,3846.56,3846.56,0,Peso mexicano,4F5DF7D3-679C-4237-892B-42E4929F3DFB,714
,0,3,,10/11/2023,,CADENA COMERCIAL OXXO,Pago Cliente 'CADENA COMERCIAL OXXO',5520,883.2,6403.2,6403.2,0,Peso mexicano,8EB8995D-6448-445D-B45B-326F66319E88,716
,0,2,,10/11/2023,,SECRETARIA DE ADMINISTRACION Y FINANZAS,Pago Cliente 'SECRETARIA DE ADMINISTRACION Y FINANZAS',67905,10864.8,78769.8,78769.8,0,Peso mexicano,B9E8375B-8D29-4659-A17C-DF3A0D3C674A,717
,0,2,,9/11/2023,,GRUPO BOXITO,Pago Cliente 'GRUPO BOXITO',9000,1440,10440,10440,0,Peso mexicano,5040ACC3-703C-4A62-82D5-AF21E04E4EFA,713
,0,2,,7/11/2023,,JUNTA DE AGUA POTABLE Y ALCANTARILLADO DE YUCATAN,Pago Cliente 'JUNTA DE AGUA POTABLE Y ALCANTARILLADO DE YUCATAN',22320,3571.2,25891.2,25891.2,0,Peso mexicano,EECA4D74-32A9-4292-BD2A-26E8172C31B4,712
Timbrado,0,2,,31/10/2023,,SECRETARIA DE ADMINISTRACION Y FINANZAS,Pago Cliente 'SECRETARIA DE ADMINISTRACION Y FINANZAS',4040.9375,646.55,4687.5,4687.5,0,Peso mexicano,A0A5C7AE-8116-4F3A-83A3-F66858B3B58B,677
,0,2,,30/10/2023,,INSTITUTO DE MOVILIDAD Y DESARROLLO URBANO TERRITORIAL,Pago Cliente 'INSTITUTO DE MOVILIDAD Y DESARROLLO URBANO TERRITORIAL',50407,8065.12,58472.12,58472.12,0,Peso mexicano,A2123C88-B832-46C7-8ABA-A5ECE0E9C41C,719
Timbrado,0,6,,27/10/2023,,CADENA COMERCIAL OXXO,Pago Cliente 'CADENA COMERCIAL OXXO',15750,2520,18270,18270,0,Peso mexicano,CE4C007F-3C7B-4504-8FCF-31B43213F546,676
Opcional,0,2,,26/10/2023,26/10/2023,IKTAN MOVIL,Cobro Cliente IKTAN MOVIL,24750,3960,28710,28710,0,Peso mexicano,,665
Timbrado,0,2,,25/10/2023,,SECRETARIA DE ADMINISTRACION Y FINANZAS,Pago Cliente 'SECRETARIA DE ADMINISTRACION Y FINANZAS',119991,19198.56,139189.56,139189.56,0,Peso mexicano,973427EE-9BEE-4F76-8F9F-A077FF1BC4C0,657
Opcional,0,2,,24/10/2023,24/10/2023,DIGITAL CEL,Cobro Cliente DIGITAL CEL,40500,6480,46980,46980,0,Peso mexicano,,664
Timbrado,0,2,,24/10/2023,,SECRETARIA DE ADMINISTRACION Y FINANZAS,Pago Cliente 'SECRETARIA DE ADMINISTRACION Y FINANZAS',14362.5,2298,16660.5,16660.5,0,Peso mexicano,911D10CE-1A98-4CE0-BB4A-8CACB6A3688C,656
Timbrado,0,5,,23/10/2023,,SUPER SAN FRANCISCO DE ASIS,Pago Cliente 'SUPER SAN FRANCISCO DE ASIS',6617,1058.72,7675.72,7675.72,0,Peso mexicano,3D268D3C-037E-4DDC-81E3-4FD11E0811C7,655
Opcional,0,2,,19/10/2023,19/10/2023,BARAJAS OROZCO AGENTES INMOBILIARIOS DE MEXICO,Cobro Cliente BARAJAS OROZCO AGENTES INMOBILIARIOS DE MEXICO,10000,1600,11600,11600,0,Peso mexicano,,663
Timbrado,0,2,,17/10/2023,,RADIOMOVIL DIPSA,Pago Cliente 'RADIOMOVIL DIPSA',9000,1440,10440,10440,0,Peso mexicano,22D0318A-2FA0-4A6E-B9EF-97D3DDE39602,642
Timbrado,0,2,,12/10/2023,,SERVICIOS DE SALUD DE YUCATAN,Pago Cliente 'SERVICIOS DE SALUD DE YUCATAN',30216.5,4834.64,35051.14,35051.14,0,Peso mexicano,6C08CA03-F1EA-4DE3-90C9-BE59C659F2CD,641
Timbrado,0,3,,12/10/2023,,GRUPO BOXITO,Pago Cliente 'GRUPO BOXITO',30510,4881.6,35391.6,35391.6,0,Peso mexicano,5C55E115-0792-4656-96DE-9E8A091EF081,640
Timbrado,0,2,,10/10/2023,,INSTITUTO DE MOVILIDAD Y DESARROLLO URBANO TERRITORIAL,Pago Cliente 'INSTITUTO DE MOVILIDAD Y DESARROLLO URBANO TERRITORIAL',50275.5,8044.08,58319.58,58319.58,0,Peso mexicano,7156EADE-9F7C-468A-87CF-2DCC5E626AA4,639
Timbrado,0,3,,5/10/2023,,GRUPO BOXITO,Pago Cliente 'GRUPO BOXITO',9340,1494.4,10834.4,10834.4,0,Peso mexicano,42F6BEC8-DD5C-4458-8328-87015EB5B530,638
Timbrado,0,2,,5/10/2023,,SISTEMA PARA EL DESARROLLO INTEGRAL DE LA FAMILIA EN YUCATAN,Pago Cliente 'SISTEMA PARA EL DESARROLLO INTEGRAL DE LA FAMILIA EN YUCATAN',13888,2222.08,16110.08,16110.08,0,Peso mexicano,C3CEB600-A91F-417C-AD95-0BC3B02D1339,637
Timbrado,0,2,,4/10/2023,,SECRETARIA DE ADMINISTRACION Y FINANZAS,Pago Cliente 'SECRETARIA DE ADMINISTRACION Y FINANZAS',66657.5,10665.2,77322.7,77322.7,0,Peso mexicano,81B18D3E-3D64-49DE-9D65-B9C46F4615CD,636
Timbrado,0,2,,2/10/2023,,SECRETARIA DE ADMINISTRACION Y FINANZAS,Pago Cliente 'SECRETARIA DE ADMINISTRACION Y FINANZAS',20107.5,3217.2,23324.7,23324.7,0,Peso mexicano,4E2BD61E-20C1-4D77-B09B-46F8EA88FBB1,635
Opcional,0,2,,27/9/2023,27/9/2023,IKTAN MOVIL,Cobro Cliente IKTAN MOVIL,30800,4928,35728,35728,0,Peso mexicano,,578
Timbrado,0,2,,26/9/2023,,INSTITUTO DE MOVILIDAD Y DESARROLLO URBANO TERRITORIAL,Pago Cliente 'INSTITUTO DE MOVILIDAD Y DESARROLLO URBANO TERRITORIAL',30448.5,4871.76,35320.26,35320.26,0,Peso mexicano,DA5A90FA-614A-44A5-ADC7-DD259E334196,573
Timbrado,0,2,,26/9/2023,,RADIOMOVIL DIPSA,Pago Cliente 'RADIOMOVIL DIPSA',9000,1440,10440,10440,0,Peso mexicano,81A74B0C-33A5-48C0-A9B3-75DE0CBB4DB1,574
Opcional,0,2,,26/9/2023,26/9/2023,BARAJAS OROZCO AGENTES INMOBILIARIOS DE MEXICO,Cobro Cliente BARAJAS OROZCO AGENTES INMOBILIARIOS DE MEXICO,10000,1600,11600,11600,0,Peso mexicano,,576
Timbrado,0,2,,26/9/2023,,SERVICIOS DE SALUD DE YUCATAN,Pago Cliente 'SERVICIOS DE SALUD DE YUCATAN',30617,4898.72,35515.72,35515.72,0,Peso mexicano,9A3D8030-7703-4CB8-9FFA-60EB85CD6F93,575
Timbrado,0,2,,26/9/2023,,INSTITUTO DE MOVILIDAD Y DESARROLLO URBANO TERRITORIAL,Pago Cliente 'INSTITUTO DE MOVILIDAD Y DESARROLLO URBANO TERRITORIAL',77354,12376.64,89730.64,89730.64,0,Peso mexicano,81CD7808-8260-4F5F-A644-2A4462A68AC0,579
Timbrado,0,2,,25/9/2023,,JUNTA DE AGUA POTABLE Y ALCANTARILLADO DE YUCATAN,Pago Cliente 'JUNTA DE AGUA POTABLE Y ALCANTARILLADO DE YUCATAN',22320,3571.2,25891.2,25891.2,0,Peso mexicano,4C685282-FA80-47D1-8095-B62907158ABA,570
Opcional,0,2,,25/9/2023,25/9/2023,DIGITAL CEL,Cobro Cliente DIGITAL CEL,58320,9331.2,67651.2,67651.2,0,Peso mexicano,,577
Timbrado,0,2,,25/9/2023,,INSTITUTO DEL DEPORTE DEL ESTADO DE YUCATAN,Pago Cliente 'INSTITUTO DEL DEPORTE DEL ESTADO DE YUCATAN',13231,2116.96,15347.96,15347.96,0,Peso mexicano,BC72DA62-0B38-4ABE-8AE8-494FAC46698B,571
Timbrado,0,6,,22/9/2023,,SUPER SAN FRANCISCO DE ASIS,Pago Cliente 'SUPER SAN FRANCISCO DE ASIS',4076,652.16,4728.16,4728.16,0,Peso mexicano,D7794528-C41A-45E0-B32D-80EC62E761B2,581
Timbrado,0,3,,22/9/2023,,CADENA COMERCIAL OXXO,Pago Cliente 'CADENA COMERCIAL OXXO',5370,859.2,6229.2,6229.2,0,Peso mexicano,7FCF8E6D-0B29-4287-A986-EBADC665E72C,569
Timbrado,0,2,,22/9/2023,,IMPULSORA DE MERCADOS DE MEXICO,Pago Cliente 'IMPULSORA DE MERCADOS DE MEXICO',2700,432,3132,3132,0,Peso mexicano,4CE0CD49-16B6-4E13-9FBA-06B5D2ECDB9A,580
Timbrado,0,5,,22/9/2023,,CADENA COMERCIAL OXXO,Pago Cliente 'CADENA COMERCIAL OXXO',10410,1665.6,12075.6,12075.6,1.82E-12,Peso mexicano,98EC9F60-A2E9-49ED-BC84-B8A6A9EB9230,568
Timbrado,0,2,,14/9/2023,,GRUPO BOXITO,Pago Cliente 'GRUPO BOXITO',24510,3921.6,28431.6,28431.6,0,Peso mexicano,E4CA6248-9519-46FE-BA4E-56E6974D3AAF,548
Timbrado,0,2,,12/9/2023,,JUNTA DE AGUA POTABLE Y ALCANTARILLADO DE YUCATAN,Pago Cliente 'JUNTA DE AGUA POTABLE Y ALCANTARILLADO DE YUCATAN',22202,3552.32,25754.32,25754.32,0,Peso mexicano,D98332BA-76AD-4082-9A99-DEB8B03B9CD1,547
Timbrado,0,2,,11/9/2023,,SECRETARIA DE ADMINISTRACION Y FINANZAS,Pago Cliente 'SECRETARIA DE ADMINISTRACION Y FINANZAS',32115,5138.4,37253.4,37253.4,0,Peso mexicano,6EF54AF2-EFEE-4869-9410-424F8C168544,546
Timbrado,0,2,,8/9/2023,,IMPULSORA DE MERCADOS DE MEXICO,Pago Cliente 'IMPULSORA DE MERCADOS DE MEXICO',2700,432,3132,3132,0,Peso mexicano,AD944A4D-E5F6-49E0-8BF4-891FE5E079A1,545
Timbrado,0,2,,1/9/2023,,IMPULSORA DE MERCADOS DE MEXICO,Pago Cliente 'IMPULSORA DE MERCADOS DE MEXICO',2700,432,3132,3132,0,Peso mexicano,38174C3C-0E98-4330-A55F-BFF387DBDA82,544
Timbrado,0,2,,30/8/2023,,SECRETARIA DE ADMINISTRACION Y FINANZAS,Pago Cliente 'SECRETARIA DE ADMINISTRACION Y FINANZAS',4040.9375,646.55,4687.5,4687.5,0,Peso mexicano,0C9325F6-8C19-45FC-8927-6F38F8116531,510
Timbrado,0,2,,30/8/2023,,SERVICIOS DE SALUD DE YUCATAN,Pago Cliente 'SERVICIOS DE SALUD DE YUCATAN',35204.5,5632.72,40837.22,40837.22,0,Peso mexicano,1463670B-08CF-47E1-9652-2B9DD823F962,511
Opcional,0,2,,29/8/2023,29/8/2023,IKTAN MOVIL,Cobro Cliente IKTAN MOVIL,3575,572,4147,4147,0,Peso mexicano,,508
Opcional,0,2,,29/8/2023,29/8/2023,IKTAN MOVIL,Cobro Cliente IKTAN MOVIL,21450,3432,24882,24882,0,Peso mexicano,,507
Timbrado,0,2,,28/8/2023,,SECRETARIA DE ADMINISTRACION Y FINANZAS,Pago Cliente 'SECRETARIA DE ADMINISTRACION Y FINANZAS',4040.9375,646.55,4687.5,4687.5,0,Peso mexicano,179E8DCD-DA67-4B41-9B10-A1D710B9ABEE,505
Timbrado,0,9,,28/8/2023,,SUPER SAN FRANCISCO DE ASIS,Pago Cliente 'SUPER SAN FRANCISCO DE ASIS',27733,4437.28,32170.28,32170.28,3.64E-12,Peso mexicano,02B23152-B018-4ECF-B1B3-B5D1C4AA4CBC,504
Opcional,0,2,,25/8/2023,25/8/2023,DIGITAL CEL,Cobro Cliente DIGITAL CEL,32400,5184,37584,37584,0,Peso mexicano,,506
Timbrado,0,2,,24/8/2023,,SISTEMA PARA EL DESARROLLO INTEGRAL DE LA FAMILIA EN YUCATAN,Pago Cliente 'SISTEMA PARA EL DESARROLLO INTEGRAL DE LA FAMILIA EN YUCATAN',15872,2539.52,18411.52,18411.52,0,Peso mexicano,A6ACDB27-ABE1-4FFC-9424-F26A762F6452,503
Timbrado,0,2,,18/8/2023,,SERVICIOS DE SALUD DE YUCATAN,Pago Cliente 'SERVICIOS DE SALUD DE YUCATAN',25345,4055.2,29400.2,29400.2,0,Peso mexicano,523DEE0C-8057-4AA9-9236-F8F7324D09BE,509
Timbrado,0,2,,17/8/2023,,JUNTA DE AGUA POTABLE Y ALCANTARILLADO DE YUCATAN,Pago Cliente 'JUNTA DE AGUA POTABLE Y ALCANTARILLADO DE YUCATAN',21824,3491.84,25315.84,25315.84,0,Peso mexicano,34F0CC51-6F83-4903-8E88-9F3BF1F514E6,502
Timbrado,0,3,,10/8/2023,,GRUPO BOXITO,Pago Cliente 'GRUPO BOXITO',30562,4889.92,35451.92,35451.92,0,Peso mexicano,8EB9D927-9674-4FF6-8DB0-19A20560C049,476
Timbrado,0,2,,8/8/2023,,RADIOMOVIL DIPSA,Pago Cliente 'RADIOMOVIL DIPSA',9000,1440,10440,10440,0,Peso mexicano,B50BB3F3-C490-4011-AEA8-ADD7DACDBA03,512
Timbrado,0,2,,4/8/2023,,SECRETARIA DE ADMINISTRACION Y FINANZAS,Pago Cliente 'SECRETARIA DE ADMINISTRACION Y FINANZAS',59072.5,9451.6,68524.1,68524.1,0,Peso mexicano,FF44BD49-8768-4B30-81AF-45F6AFA31509,475
Timbrado,0,3,,3/8/2023,,SISTEMA PARA EL DESARROLLO INTEGRAL DE LA FAMILIA EN YUCATAN,Pago Cliente 'SISTEMA PARA EL DESARROLLO INTEGRAL DE LA FAMILIA EN YUCATAN',63488,10158.08,73646.08,73646.08,0,Peso mexicano,DA7A042E-4BD0-455B-9AEE-80B56BB1EC4A,474
Timbrado,0,9,,1/8/2023,,SUPER SAN FRANCISCO DE ASIS,Pago Cliente 'SUPER SAN FRANCISCO DE ASIS',5517,882.72,6399.72,6399.72,1.82E-12,Peso mexicano,15429E05-F548-4C51-B1B7-0D8855DC8517,473
Timbrado,0,4,,28/7/2023,,CADENA COMERCIAL OXXO,Pago Cliente 'CADENA COMERCIAL OXXO',9180,1468.8,10648.8,10648.8,0,Peso mexicano,5B62AD1C-9D54-4D41-BADF-CE900905D100,358
Timbrado,0,2,,27/7/2023,,INSTITUTO DEL DEPORTE DEL ESTADO DE YUCATAN,Pago Cliente 'INSTITUTO DEL DEPORTE DEL ESTADO DE YUCATAN',21554,3448.64,25002.64,25002.64,0,Peso mexicano,6A22C174-DA55-48AD-B495-603EEDFC1C74,357
Timbrado,0,2,,27/7/2023,,INSTITUTO DEL DEPORTE DEL ESTADO DE YUCATAN,Pago Cliente 'INSTITUTO DEL DEPORTE DEL ESTADO DE YUCATAN',40215,6434.4,46649.4,46649.4,0,Peso mexicano,20480434-9091-4C42-91FF-752437756F58,356
Opcional,0,2,,26/7/2023,26/7/2023,IKTAN MOVIL,Cobro Cliente IKTAN MOVIL,53625,8580,62205,62205,0,Peso mexicano,,427
Timbrado,0,2,,25/7/2023,25/7/2023,SECRETARIA DE ADMINISTRACION Y FINANZAS,Pago Cliente 'SECRETARIA DE ADMINISTRACION Y FINANZAS',4040.9375,646.55,4687.5,4687.5,0,Peso mexicano,BE8E002D-08F4-4D30-9523-8FBA0088EAB4,354
Opcional,0,2,,25/7/2023,25/7/2023,DIGITAL CEL,Cobro Cliente DIGITAL CEL,63450,10152,73602,73602,0,Peso mexicano,,428
Timbrado,0,2,,25/7/2023,25/7/2023,SECRETARIA DE ADMINISTRACION Y FINANZAS,Pago Cliente 'SECRETARIA DE ADMINISTRACION Y FINANZAS',4040.9375,646.55,4687.5,4687.5,0,Peso mexicano,0735E449-0BA6-4F85-8674-172073BF32B0,355
Timbrado,0,2,,18/7/2023,,RADIOMOVIL DIPSA,Pago Cliente 'RADIOMOVIL DIPSA',9000,1440,10440,10440,0,Peso mexicano,59097109-E5B6-4084-B2B5-6D3171629556,359
Timbrado,0,2,,14/7/2023,,CADENA COMERCIAL OXXO,Pago Cliente 'CADENA COMERCIAL OXXO',1800,288,2088,2088,0,Peso mexicano,7A60A9D3-A74D-4403-83F8-CA1FA99F5278,351
Timbrado,0,2,,13/7/2023,,GRUPO BOXITO,Pago Cliente 'GRUPO BOXITO',20100,3216,23316,23316,0,Peso mexicano,9090E634-A47C-406A-A22B-AFF5EF167EB1,350
Timbrado,0,2,,11/7/2023,,RADIOMOVIL DIPSA,Pago Cliente 'RADIOMOVIL DIPSA',9000,1440,10440,10440,0,Peso mexicano,19567BCC-5078-4830-A1BA-5F7290F8C70D,353
Timbrado,0,2,,7/7/2023,,IMPULSORA DE MERCADOS DE MEXICO,Pago Cliente 'IMPULSORA DE MERCADOS DE MEXICO',2700,432,3132,3132,0,Peso mexicano,B27D524F-00EB-433E-94C2-DC7E24D33E48,349
Timbrado,0,2,,3/7/2023,,SECRETARIA DE ADMINISTRACION Y FINANZAS,Pago Cliente 'SECRETARIA DE ADMINISTRACION Y FINANZAS',43103.45,6896.552,50000,50000,0,Peso mexicano,60064BE6-D256-444A-B0CB-69CCB092B6A2,352
Timbrado,0,2,,3/7/2023,,SECRETARIA DE ADMINISTRACION Y FINANZAS,Pago Cliente 'SECRETARIA DE ADMINISTRACION Y FINANZAS',68940,11030.4,79970.4,79970.4,0,Peso mexicano,FF4A5B4A-B95D-4294-A452-186A39AD4F14,348
Timbrado,0,5,,30/6/2023,,CADENA COMERCIAL OXXO,Pago Cliente 'CADENA COMERCIAL OXXO',11070,1771.2,12841.2,12841.2,0,Peso mexicano,34929819-1197-4F16-9DB0-36258854F983,35
Opcional,0,2,,29/6/2023,29/6/2023,IKTAN MOVIL,Cobro Cliente IKTAN MOVIL,43312.5,6930,50242.5,50242.5,0,Peso mexicano,,412
Opcional,0,2,,26/6/2023,26/6/2023,DIGITAL CEL,Cobro Cliente DIGITAL CEL,66150,10584,76734,76734,0,Peso mexicano,,411
Timbrado,0,2,,21/6/2023,,SECRETARIA DE ADMINISTRACION Y FINANZAS,Pago Cliente 'SECRETARIA DE ADMINISTRACION Y FINANZAS',33698,5391.68,39089.68,39089.68,0,Peso mexicano,3834AD5F-2E63-4FC9-B64F-C91A2E46CB8D,34
Timbrado,0,7,,19/6/2023,,SUPER SAN FRANCISCO DE ASIS,Pago Cliente 'SUPER SAN FRANCISCO DE ASIS',7780,1244.8,9024.8,9024.8,0,Peso mexicano,5626E2F8-EED7-4079-8178-BB160A71E993,410
Timbrado,0,2,,15/6/2023,,GRUPO BOXITO,Pago Cliente 'GRUPO BOXITO',32670,5227.2,37897.2,37897.2,0,Peso mexicano,45AAC5C0-B4A5-4729-8446-C15BDFEEA077,409
Timbrado,0,2,,9/6/2023,,IMPULSORA DE MERCADOS DE MEXICO,Pago Cliente 'IMPULSORA DE MERCADOS DE MEXICO',2700,432,3132,3132,0,Peso mexicano,B9B1F662-BF5F-479E-A428-75B00F111032,408
Timbrado,0,4,,2/6/2023,,SUPER SAN FRANCISCO DE ASIS,Pago Cliente 'SUPER SAN FRANCISCO DE ASIS',4520,723.2,5243.2,5243.2,0,Peso mexicano,B36E6274-C302-4053-BA8B-DA2C3671B760,33
Timbrado,0,2,,29/5/2023,,SECRETARIA DE ADMINISTRACION Y FINANZAS,Pago Cliente 'SECRETARIA DE ADMINISTRACION Y FINANZAS',76903.5,12304.56,89208.06,89208.06,0,Peso mexicano,C41E2BDB-FA36-4412-8FB5-80E148CD0D21,407
Timbrado,0,3,,26/5/2023,,CADENA COMERCIAL OXXO,Pago Cliente 'CADENA COMERCIAL OXXO',7740,1238.4,8978.4,8978.4,0,Peso mexicano,7D27E611-7C6A-4DDC-95F2-052E00D28727,405
Timbrado,0,2,,24/5/2023,,SISTEMA PARA EL DESARROLLO INTEGRAL DE LA FAMILIA EN YUCATAN,Pago Cliente 'SISTEMA PARA EL DESARROLLO INTEGRAL DE LA FAMILIA EN YUCATAN',50096,8015.36,58111.36,58111.36,0,Peso mexicano,411C0002-4CD2-45DB-A72C-64BA498ACE25,404
Opcional,0,2,,23/5/2023,23/5/2023,DIGITAL CEL,Cobro Cliente DIGITAL CEL,29700,4752,34452,34452,0,Peso mexicano,,396
Opcional,0,2,,23/5/2023,23/5/2023,DIGITAL CEL,Cobro Cliente DIGITAL CEL,59670,9547.2,69217.2,69217.2,0,Peso mexicano,,397
Timbrado,0,2,,19/5/2023,,IMPULSORA DE MERCADOS DE MEXICO,Pago Cliente 'IMPULSORA DE MERCADOS DE MEXICO',2700,432,3132,3132,0,Peso mexicano,B1AD843A-5B97-4549-A38B-E0BC561B1B88,403
Timbrado,0,2,,18/5/2023,,SECRETARIA DE ADMINISTRACION Y FINANZAS,Pago Cliente 'SECRETARIA DE ADMINISTRACION Y FINANZAS',85697,13711.52,99408.52,99408.52,0,Peso mexicano,5E9C353A-130B-46D2-82B8-0A166238E710,402
Timbrado,0,8,,18/5/2023,,SUPER SAN FRANCISCO DE ASIS,Pago Cliente 'SUPER SAN FRANCISCO DE ASIS',7891,1262.56,9153.56,9153.56,0,Peso mexicano,68AF5889-F98E-4B04-A930-C3301F07ABC4,401
Timbrado,0,2,,10/5/2023,,SECRETARIA DE ADMINISTRACION Y FINANZAS,Pago Cliente 'SECRETARIA DE ADMINISTRACION Y FINANZAS',125689,20110.24,145799.24,145799.24,0,Peso mexicano,7577F242-0B51-4645-8FB9-1DBB3AB6CDC3,400
Timbrado,0,2,,4/5/2023,,GRUPO BOXITO,Pago Cliente 'GRUPO BOXITO',19266,3082.56,22348.56,22348.56,0,Peso mexicano,F458445A-3F6F-4B25-9030-AA9FE586038E,399
Timbrado,0,12,,3/5/2023,,SUPER SAN FRANCISCO DE ASIS,Pago Cliente SUPER SAN FRANCISCO DE ASIS,17253,2760.48,20013.48,20013.48,0,Peso mexicano,1F40AF7B-D4CF-4CBE-BB22-C7EAF9A0AB08,398
Timbrado,0,3,,28/4/2023,,CADENA COMERCIAL OXXO,Pago Cliente 'CADENA COMERCIAL OXXO',7740,1238.4,8978.4,8978.4,0,Peso mexicano,7E2B4B6A-1017-4E79-8E0C-CFFE52651FCB,406
Timbrado,0,2,,25/4/2023,,RADIOMOVIL DIPSA,Pago Cliente 'RADIOMOVIL DIPSA',9000,1440,10440,10440,0,Peso mexicano,B3276241-3B79-401F-9CDC-9BA30568FCAD,15
Timbrado,0,3,,21/4/2023,,CADENA COMERCIAL OXXO,Pago Cliente 'CADENA COMERCIAL OXXO',5760,921.6,6681.6,6681.6,0,Peso mexicano,5B9EFACD-CA84-43CE-9FFF-A81828F6F1E5,14
Opcional,0,2,,21/4/2023,21/4/2023,DIGITAL CEL,Cobro Cliente DIGITAL CEL,55350,8856,64206,64206,0,Peso mexicano,,221
Opcional,0,2,,20/4/2023,20/4/2023,MEDIOS ELECTRONICOS DE MERIDA,Cobro Cliente MEDIOS ELECTRONICOS DE MERIDA,50000,8000,58000,58000,0,Peso mexicano,,220
Timbrado,0,2,,18/4/2023,,RADIOMOVIL DIPSA,Pago Cliente 'RADIOMOVIL DIPSA',18000,2880,20880,20880,0,Peso mexicano,EB4D34D9-20A2-40EF-8C4E-5A827F88CDDC,13
Timbrado,0,2,,13/4/2023,,GRUPO BOXITO,Pago Cliente 'GRUPO BOXITO',19668,3146.88,22814.88,22814.88,0,Peso mexicano,0CA53FCB-567D-48E5-B14B-DB605ECD2DCC,12
Opcional,0,2,,10/4/2023,10/4/2023,MEDIOS ELECTRONICOS DE MERIDA,Cobro Cliente MEDIOS ELECTRONICOS DE MERIDA,40000,6400,46400,46400,0,Peso mexicano,,219
Opcional,0,2,,10/4/2023,10/4/2023,MEDIOS ELECTRONICOS DE MERIDA,Cobro Cliente MEDIOS ELECTRONICOS DE MERIDA,40000,6400,46400,46400,0,Peso mexicano,,218
Opcional,0,2,,5/4/2023,5/4/2023,MEDIOS ELECTRONICOS DE MERIDA,Cobro Cliente MEDIOS ELECTRONICOS DE MERIDA,20000,3200,23200,23200,0,Peso mexicano,,217
Timbrado,0,3,,24/3/2023,,CADENA COMERCIAL OXXO,Pago Cliente 'CADENA COMERCIAL OXXO',6210,993.6,7203.6,7203.6,0,Peso mexicano,668E909E-4CB6-470F-B4F0-7751650B69E2,11
Opcional,0,2,,24/3/2023,24/3/2023,MEDIOS ELECTRONICOS DE MERIDA,Cobro Cliente MEDIOS ELECTRONICOS DE MERIDA,40000,6400,46400,46400,0,Peso mexicano,,116
Timbrado,0,2,,23/3/2023,,GRUPO BOXITO,Pago Cliente 'GRUPO BOXITO',13080,2092.8,15172.8,15172.8,0,Peso mexicano,19E9580C-60F6-43E5-9ADB-AD745F6372D2,10
Timbrado,0,5,,22/3/2023,,SUPER SAN FRANCISCO DE ASIS,Pago Cliente 'SUPER SAN FRANCISCO DE ASIS',7816,1250.56,9066.56,9066.56,-1.82E-12,Peso mexicano,3844B700-19D9-4EBA-9995-D2FE72D3E3B9,9
Timbrado,0,6,,17/3/2023,,SUPER SAN FRANCISCO DE ASIS,Pago Cliente 'SUPER SAN FRANCISCO DE ASIS',5912,945.92,6857.92,6857.92,0,Peso mexicano,4BF42DF4-3913-4EA0-B705-5888AF6CAE9E,8
Timbrado,0,2,,15/3/2023,,PRODUCTOS DE HARINA,Pago Cliente 'PRODUCTOS DE HARINA',14700,2352,17052,17052,0,Peso mexicano,6FD1D1BE-8F2B-4584-B774-A43CFB279C22,7
Opcional,0,2,,9/3/2023,9/3/2023,MEDIOS ELECTRONICOS DE MERIDA,Cobro Cliente MEDIOS ELECTRONICOS DE MERIDA,30000,4800,34800,34800,0,Peso mexicano,,115
Timbrado,0,8,,3/3/2023,,SUPER SAN FRANCISCO DE ASIS,Pago Cliente 'SUPER SAN FRANCISCO DE ASIS',9734,1557.44,11291.44,11291.44,1.82E-12,Peso mexicano,F6EA79B1-3277-459B-A29A-C7D4BDF325D1,6
Opcional,0,2,,23/2/2023,23/2/2023,DIGITAL CEL,Cobro Cliente DIGITAL CEL,55350,8856,64206,64206,0,Peso mexicano,,114
Timbrado,0,8,,23/2/2023,,CADENA COMERCIAL OXXO,Pago Cliente 'CADENA COMERCIAL OXXO',18720,2995.2,21715.2,21715.2,0,Peso mexicano,FB9BC614-A9F8-4F5A-8753-B0646F9F431A,5
Opcional,0,2,,22/2/2023,22/2/2023,MEDIOS ELECTRONICOS DE MERIDA,Cobro Cliente MEDIOS ELECTRONICOS DE MERIDA,40000,6400,46400,46400,0,Peso mexicano,,113
Opcional,0,2,,20/2/2023,20/2/2023,SERES DE RIQUEZA MX,Cobro Cliente SERES DE RIQUEZA MX,9000,1440,10440,10440,0,Peso mexicano,,112
Timbrado,0,2,,14/2/2023,,RADIOMOVIL DIPSA,Pago Cliente 'RADIOMOVIL DIPSA',9000,1440,10440,10440,0,Peso mexicano,8C533D2A-D3B7-4B7C-87F8-5B2A21820789,4
Opcional,0,2,,13/2/2023,13/2/2023,MEDIOS ELECTRONICOS DE MERIDA,Cobro Cliente MEDIOS ELECTRONICOS DE MERIDA,68965.52,11034.4832,80000,80000,0,Peso mexicano,,111
Timbrado,0,2,,9/2/2023,,GRUPO BOXITO,Pago Cliente 'GRUPO BOXITO',15600,2496,18096,18096,0,Peso mexicano,54B5F8DE-0C4D-4D1F-9C89-9063B343B470,3
Opcional,0,2,,8/2/2023,8/2/2023,MEDIOS ELECTRONICOS DE MERIDA,Cobro Cliente MEDIOS ELECTRONICOS DE MERIDA,50000,8000,58000,58000,0,Peso mexicano,,110
Timbrado,0,2,,30/1/2023,,SUPER SAN FRANCISCO DE ASIS,Pago Cliente 'SUPER SAN FRANCISCO DE ASIS',20340,3254.4,23594.4,23594.4,0,Peso mexicano,B3BE2A4D-349B-4D5C-9CF1-41661367C395,20
Opcional,0,2,,26/1/2023,26/1/2023,IKTAN MOVIL,Cobro Cliente IKTAN MOVIL,6372.413793,1019.586207,7392,7392,0,Peso mexicano,,109
Opcional,0,2,,25/1/2023,25/1/2023,IKTAN MOVIL,Cobro Cliente IKTAN MOVIL,39827.58621,6372.413793,46200,46200,0,Peso mexicano,,108
Opcional,0,2,BB4,17/1/2023,17/1/2023,MEDIOS ELECTRONICOS DE MERIDA,Cobro Cliente MEDIOS ELECTRONICOS DE MERIDA,50000,8000,58000,58000,0,Peso mexicano,,26
Opcional,0,2,2,17/1/2023,17/1/2023,DIGITAL CEL,Cobro Cliente DIGITAL CEL,86400,13824,100224,100224,0,Peso mexicano,,24
Opcional,0,2,BB5,11/1/2023,11/1/2023,MEDIOS ELECTRONICOS DE MERIDA,Cobro Cliente MEDIOS ELECTRONICOS DE MERIDA,60000,9600,69600,69600,0,Peso mexicano,,27
Timbrado,0,2,,3/1/2023,,RADIOMOVIL DIPSA,Pago Cliente 'RADIOMOVIL DIPSA',9000,1440,10440,10440,0,Peso mexicano,E163E34E-F1F5-459F-B311-4C6DDFEAAB0B,19
Timbrado,0,2,,3/1/2023,,SECRETARIA DE ADMINISTRACION Y FINANZAS,Pago Cliente 'SECRETARIA DE ADMINISTRACION Y FINANZAS',3999.92,639.9872,4639.91,4639.91,0,Peso mexicano,377BFEB4-B621-44C8-9E37-60A56ACE39EA,18
Timbrado,0,0,,30/12/2022,,IMPULSORA DE MERCADOS DE MEXICO,Pago Cliente 'IMPULSORA DE MERCADOS DE MEXICO',2700,432,3132,3132,0,Peso mexicano,D572D4A8-16E8-4E16-8227-17CE92CB7317,17
Timbrado,0,0,,29/12/2022,,SERVICIOS DE SALUD DE YUCATAN,Pago Cliente 'SERVICIOS DE SALUD DE YUCATAN',8604,1376.64,9980.64,9980.64,0,Peso mexicano,78B2EA5C-BEC3-42C9-832C-35FF86639E3A,16
,,,,,,,,,,,,,,,
,,,,,,,,,,,,,,,
,,,,,,,,,,,,,,,
,,,,,,,,,,,,,,,
,,,,,,,,,,,,,,,
,,,,,,,,,,,,,,,
,,,,,,,,,,,,,,,
,,,,,,,,,,,,,,,
,,,,,,,,,,,,,,,
,,,,,,,,,,,,,,,
,,,,,,,,,,,,,,,
,,,,,,,,,,,,,,,
,,,,,,,,,,,,,,,
,,,,,,,,,,,,,,,
,,,,,,,,,,,,,,,
,,,,,,,,,,,,,,,
,,,,,,,,,,,,,,,
,,,,,,,,,,,,,,,
,,,,,,,,,,,,,,,
,,,,,,,,,,,,,,,
,,,,,,,,,,,,,,,
,,,,,,,,,,,,,,,
,,,,,,,,,,,,,,,
,,,,,,,,,,,,,,,
,,,,,,,,,,,,,,,
,,,,,,,,,,,,,,,
,,,,,,,,,,,,,,,
,,,,,,,,,,,,,,,
,,,,,,,,,,,,,,,
,,,,,,,,,,,,,,,
,,,,,,,,,,,,,,,
,,,,,,,,,,,,,,,
,,,,,,,,,,,,,,,
,,,,,,,,,,,,,,,
,,,,,,,,,,,,,,,
,,,,,,,,,,,,,,,
,,,,,,,,,,,,,,,
,,,,,,,,,,,,,,,
,,,,,,,,,,,,,,,
,,,,,,,,,,,,,,,
,,,,,,,,,,,,,,,
,,,,,,,,,,,,,,,
,,,,,,,,,,,,,,,
,,,,,,,,,,,,,,,
,,,,,,,,,,,,,,,
,,,,,,,,,,,,,,,
,,,,,,,,,,,,,,,
,,,,,,,,,,,,,,,
,,,,,,,,,,,,,,,
,,,,,,,,,,,,,,,
,,,,,,,,,,,,,,,
,,,,,,,,,,,,,,,
,,,,,,,,,,,,,,,
,,,,,,,,,,,,,,,
,,,,,,,,,,,,,,,
,,,,,,,,,,,,,,,
,,,,,,,,,,,,,,,
,,,,,,,,,,,,,,,
,,,,,,,,,,,,,,,
,,,,,,,,,,,,,,,
,,,,,,,,,,,,,,,
,,,,,,,,,,,,,,,
,,,,,,,,,,,,,,,
,,,,,,,,,,,,,,,
,,,,,,,,,,,,,,,
,,,,,,,,,,,,,,,
,,,,,,,,,,,,,,,
,,,,,,,,,,,,,,,
,,,,,,,,,,,,,,,
,,,,,,,,,,,,,,,
,,,,,,,,,,,,,,,
,,,,,,,,,,,,,,,
,,,,,,,,,,,,,,,
,,,,,,,,,,,,,,,
,,,,,,,,,,,,,,,
,,,,,,,,,,,,,,,
,,,,,,,,,,,,,,,
,,,,,,,,,,,,,,,
,,,,,,,,,,,,,,,
,,,,,,,,,,,,,,,
,,,,,,,,,,,,,,,
,,,,,,,,,,,,,,,
,,,,,,,,,,,,,,,
,,,,,,,,,,,,,,,
,,,,,,,,,,,,,,,
,,,,,,,,,,,,,,,
,,,,,,,,,,,,,,,
,,,,,,,,,,,,,,,
,,,,,,,,,,,,,,,
,,,,,,,,,,,,,,,
,,,,,,,,,,,,,,,
,,,,,,,,,,,,,,,
,,,,,,,,,,,,,,,
,,,,,,,,,,,,,,,
,,,,,,,,,,,,,,,
,,,,,,,,,,,,,,,
,,,,,,,,,,,,,,,
,,,,,,,,,,,,,,,
,,,,,,,,,,,,,,,
,,,,,,,,,,,,,,,
,,,,,,,,,,,,,,,
,,,,,,,,,,,,,,,
,,,,,,,,,,,,,,,
,,,,,,,,,,,,,,,
,,,,,,,,,,,,,,,
,,,,,,,,,,,,,,,
,,,,,,,,,,,,,,,
,,,,,,,,,,,,,,,
,,,,,,,,,,,,,,,
,,,,,,,,,,,,,,,
,,,,,,,,,,,,,,,
,,,,,,,,,,,,,,,
,,,,,,,,,,,,,,,
,,,,,,,,,,,,,,,
,,,,,,,,,,,,,,,
,,,,,,,,,,,,,,,
,,,,,,,,,,,,,,,
,,,,,,,,,,,,,,,
,,,,,,,,,,,,,,,
,,,,,,,,,,,,,,,
,,,,,,,,,,,,,,,
,,,,,,,,,,,,,,,
,,,,,,,,,,,,,,,
,,,,,,,,,,,,,,,
,,,,,,,,,,,,,,,
,,,,,,,,,,,,,,,
,,,,,,,,,,,,,,,
,,,,,,,,,,,,,,,
,,,,,,,,,,,,,,,
,,,,,,,,,,,,,,,
,,,,,,,,,,,,,,,
,,,,,,,,,,,,,,,
,,,,,,,,,,,,,,,
,,,,,,,,,,,,,,,
,,,,,,,,,,,,,,,
,,,,,,,,,,,,,,,
,,,,,,,,,,,,,,,
,,,,,,,,,,,,,,,
,,,,,,,,,,,,,,,
,,,,,,,,,,,,,,,
,,,,,,,,,,,,,,,
,,,,,,,,,,,,,,,
,,,,,,,,,,,,,,,
,,,,,,,,,,,,,,,
,,,,,,,,,,,,,,,
,,,,,,,,,,,,,,,
,,,,,,,,,,,,,,,
,,,,,,,,,,,,,,,
,,,,,,,,,,,,,,,
,,,,,,,,,,,,,,,
,,,,,,,,,,,,,,,
,,,,,,,,,,,,,,,
,,,,,,,,,,,,,,,
,,,,,,,,,,,,,,,
,,,,,,,,,,,,,,,
,,,,,,,,,,,,,,,
,,,,,,,,,,,,,,,
,,,,,,,,,,,,,,,
,,,,,,,,,,,,,,,
,,,,,,,,,,,,,,,
,,,,,,,,,,,,,,,
,,,,,,,,,,,,,,,
,,,,,,,,,,,,,,,
,,,,,,,,,,,,,,,
,,,,,,,,,,,,,,,
,,,,,,,,,,,,,,,
,,,,,,,,,,,,,,,
,,,,,,,,,,,,,,,
,,,,,,,,,,,,,,,
,,,,,,,,,,,,,,,
,,,,,,,,,,,,,,,
,,,,,,,,,,,,,,,
,,,,,,,,,,,,,,,
,,,,,,,,,,,,,,,
,,,,,,,,,,,,,,,
,,,,,,,,,,,,,,,
,,,,,,,,,,,,,,,
,,,,,,,,,,,,,,,
,,,,,,,,,,,,,,,
,,,,,,,,,,,,,,,
,,,,,,,,,,,,,,,
,,,,,,,,,,,,,,,
,,,,,,,,,,,,,,,
,,,,,,,,,,,,,,,
,,,,,,,,,,,,,,,
,,,,,,,,,,,,,,,
,,,,,,,,,,,,,,,
,,,,,,,,,,,,,,,
,,,,,,,,,,,,,,,
,,,,,,,,,,,,,,,
,,,,,,,,,,,,,,,
,,,,,,,,,,,,,,,
,,,,,,,,,,,,,,,
,,,,,,,,,,,,,,,
,,,,,,,,,,,,,,,
,,,,,,,,,,,,,,,
,,,,,,,,,,,,,,,
,,,,,,,,,,,,,,,
,,,,,,,,,,,,,,,
,,,,,,,,,,,,,,,
,,,,,,,,,,,,,,,
,,,,,,,,,,,,,,,
,,,,,,,,,,,,,,,
,,,,,,,,,,,,,,,
,,,,,,,,,,,,,,,
,,,,,,,,,,,,,,,
,,,,,,,,,,,,,,,
,,,,,,,,,,,,,,,
,,,,,,,,,,,,,,,
,,,,,,,,,,,,,,,
,,,,,,,,,,,,,,,
,,,,,,,,,,,,,,,
,,,,,,,,,,,,,,,
,,,,,,,,,,,,,,,
,,,,,,,,,,,,,,,
,,,,,,,,,,,,,,,
,,,,,,,,,,,,,,,
,,,,,,,,,,,,,,,
,,,,,,,,,,,,,,,
,,,,,,,,,,,,,,,
,,,,,,,,,,,,,,,
,,,,,,,,,,,,,,,
,,,,,,,,,,,,,,,
,,,,,,,,,,,,,,,
,,,,,,,,,,,,,,,
,,,,,,,,,,,,,,,
,,,,,,,,,,,,,,,
,,,,,,,,,,,,,,,
,,,,,,,,,,,,,,,
,,,,,,,,,,,,,,,
,,,,,,,,,,,,,,,
,,,,,,,,,,,,,,,
,,,,,,,,,,,,,,,
,,,,,,,,,,,,,,,
,,,,,,,,,,,,,,,
,,,,,,,,,,,,,,,
,,,,,,,,,,,,,,,
,,,,,,,,,,,,,,,
,,,,,,,,,,,,,,,
,,,,,,,,,,,,,,,
,,,,,,,,,,,,,,,
,,,,,,,,,,,,,,,
,,,,,,,,,,,,,,,
,,,,,,,,,,,,,,,
,,,,,,,,,,,,,,,
,,,,,,,,,,,,,,,
,,,,,,,,,,,,,,,
,,,,,,,,,,,,,,,
,,,,,,,,,,,,,,,
,,,,,,,,,,,,,,,
,,,,,,,,,,,,,,,
,,,,,,,,,,,,,,,
,,,,,,,,,,,,,,,
,,,,,,,,,,,,,,,
,,,,,,,,,,,,,,,
,,,,,,,,,,,,,,,
,,,,,,,,,,,,,,,
,,,,,,,,,,,,,,,
,,,,,,,,,,,,,,,
,,,,,,,,,,,,,,,
,,,,,,,,,,,,,,,
,,,,,,,,,,,,,,,
,,,,,,,,,,,,,,,
,,,,,,,,,,,,,,,
,,,,,,,,,,,,,,,
,,,,,,,,,,,,,,,
,,,,,,,,,,,,,,,
,,,,,,,,,,,,,,,
,,,,,,,,,,,,,,,
,,,,,,,,,,,,,,,
,,,,,,,,,,,,,,,
,,,,,,,,,,,,,,,
,,,,,,,,,,,,,,,
,,,,,,,,,,,,,,,
,,,,,,,,,,,,,,,
,,,,,,,,,,,,,,,
,,,,,,,,,,,,,,,
,,,,,,,,,,,,,,,
,,,,,,,,,,,,,,,
,,,,,,,,,,,,,,,
,,,,,,,,,,,,,,,
,,,,,,,,,,,,,,,
,,,,,,,,,,,,,,,
,,,,,,,,,,,,,,,
,,,,,,,,,,,,,,,
,,,,,,,,,,,,,,,
,,,,,,,,,,,,,,,
,,,,,,,,,,,,,,,
,,,,,,,,,,,,,,,
,,,,,,,,,,,,,,,
,,,,,,,,,,,,,,,
,,,,,,,,,,,,,,,
,,,,,,,,,,,,,,,
,,,,,,,,,,,,,,,
,,,,,,,,,,,,,,,
,,,,,,,,,,,,,,,
,,,,,,,,,,,,,,,
,,,,,,,,,,,,,,,
,,,,,,,,,,,,,,,
,,,,,,,,,,,,,,,
,,,,,,,,,,,,,,,
,,,,,,,,,,,,,,,
,,,,,,,,,,,,,,,
,,,,,,,,,,,,,,,
,,,,,,,,,,,,,,,
,,,,,,,,,,,,,,,
,,,,,,,,,,,,,,,
,,,,,,,,,,,,,,,
,,,,,,,,,,,,,,,
,,,,,,,,,,,,,,,
,,,,,,,,,,,,,,,
,,,,,,,,,,,,,,,
,,,,,,,,,,,,,,,
,,,,,,,,,,,,,,,
,,,,,,,,,,,,,,,
,,,,,,,,,,,,,,,
,,,,,,,,,,,,,,,
,,,,,,,,,,,,,,,
,,,,,,,,,,,,,,,
,,,,,,,,,,,,,,,
,,,,,,,,,,,,,,,
,,,,,,,,,,,,,,,
,,,,,,,,,,,,,,,
,,,,,,,,,,,,,,,
,,,,,,,,,,,,,,,
,,,,,,,,,,,,,,,
,,,,,,,,,,,,,,,
,,,,,,,,,,,,,,,
,,,,,,,,,,,,,,,
,,,,,,,,,,,,,,,
,,,,,,,,,,,,,,,
,,,,,,,,,,,,,,,
,,,,,,,,,,,,,,,
,,,,,,,,,,,,,,,
,,,,,,,,,,,,,,,
,,,,,,,,,,,,,,,
,,,,,,,,,,,,,,,
,,,,,,,,,,,,,,,
,,,,,,,,,,,,,,,
,,,,,,,,,,,,,,,
,,,,,,,,,,,,,,,
,,,,,,,,,,,,,,,
,,,,,,,,,,,,,,,
,,,,,,,,,,,,,,,
,,,,,,,,,,,,,,,
,,,,,,,,,,,,,,,
,,,,,,,,,,,,,,,
,,,,,,,,,,,,,,,
,,,,,,,,,,,,,,,
,,,,,,,,,,,,,,,
,,,,,,,,,,,,,,,
,,,,,,,,,,,,,,,
,,,,,,,,,,,,,,,
,,,,,,,,,,,,,,,
,,,,,,,,,,,,,,,
,,,,,,,,,,,,,,,
,,,,,,,,,,,,,,,
,,,,,,,,,,,,,,,
,,,,,,,,,,,,,,,
,,,,,,,,,,,,,,,
,,,,,,,,,,,,,,,
,,,,,,,,,,,,,,,
,,,,,,,,,,,,,,,
,,,,,,,,,,,,,,,
,,,,,,,,,,,,,,,
,,,,,,,,,,,,,,,
,,,,,,,,,,,,,,,
,,,,,,,,,,,,,,,
,,,,,,,,,,,,,,,
,,,,,,,,,,,,,,,
,,,,,,,,,,,,,,,
,,,,,,,,,,,,,,,
,,,,,,,,,,,,,,,
,,,,,,,,,,,,,,,
,,,,,,,,,,,,,,,
,,,,,,,,,,,,,,,
,,,,,,,,,,,,,,,
,,,,,,,,,,,,,,,
,,,,,,,,,,,,,,,
,,,,,,,,,,,,,,,
,,,,,,,,,,,,,,,
,,,,,,,,,,,,,,,
,,,,,,,,,,,,,,,
,,,,,,,,,,,,,,,
,,,,,,,,,,,,,,,
,,,,,,,,,,,,,,,
,,,,,,,,,,,,,,,
,,,,,,,,,,,,,,,
,,,,,,,,,,,,,,,
,,,,,,,,,,,,,,,
,,,,,,,,,,,,,,,
,,,,,,,,,,,,,,,
,,,,,,,,,,,,,,,
,,,,,,,,,,,,,,,
,,,,,,,,,,,,,,,
,,,,,,,,,,,,,,,
,,,,,,,,,,,,,,,
,,,,,,,,,,,,,,,
,,,,,,,,,,,,,,,
,,,,,,,,,,,,,,,
,,,,,,,,,,,,,,,
,,,,,,,,,,,,,,,
,,,,,,,,,,,,,,,
,,,,,,,,,,,,,,,
,,,,,,,,,,,,,,,
,,,,,,,,,,,,,,,
,,,,,,,,,,,,,,,
,,,,,,,,,,,,,,,
,,,,,,,,,,,,,,,
,,,,,,,,,,,,,,,
,,,,,,,,,,,,,,,
,,,,,,,,,,,,,,,
,,,,,,,,,,,,,,,
,,,,,,,,,,,,,,,
,,,,,,,,,,,,,,,
,,,,,,,,,,,,,,,
,,,,,,,,,,,,,,,
,,,,,,,,,,,,,,,
,,,,,,,,,,,,,,,
,,,,,,,,,,,,,,,
,,,,,,,,,,,,,,,
,,,,,,,,,,,,,,,
,,,,,,,,,,,,,,,
,,,,,,,,,,,,,,,
,,,,,,,,,,,,,,,
,,,,,,,,,,,,,,,
,,,,,,,,,,,,,,,
,,,,,,,,,,,,,,,
,,,,,,,,,,,,,,,
,,,,,,,,,,,,,,,
,,,,,,,,,,,,,,,
,,,,,,,,,,,,,,,
,,,,,,,,,,,,,,,
,,,,,,,,,,,,,,,
,,,,,,,,,,,,,,,
,,,,,,,,,,,,,,,
,,,,,,,,,,,,,,,
,,,,,,,,,,,,,,,
,,,,,,,,,,,,,,,
,,,,,,,,,,,,,,,
,,,,,,,,,,,,,,,
,,,,,,,,,,,,,,,
,,,,,,,,,,,,,,,
,,,,,,,,,,,,,,,
,,,,,,,,,,,,,,,
,,,,,,,,,,,,,,,
,,,,,,,,,,,,,,,
,,,,,,,,,,,,,,,
,,,,,,,,,,,,,,,
,,,,,,,,,,,,,,,
,,,,,,,,,,,,,,,
,,,,,,,,,,,,,,,
,,,,,,,,,,,,,,,
,,,,,,,,,,,,,,,
,,,,,,,,,,,,,,,
,,,,,,,,,,,,,,,
,,,,,,,,,,,,,,,
,,,,,,,,,,,,,,,
,,,,,,,,,,,,,,,
,,,,,,,,,,,,,,,
,,,,,,,,,,,,,,,
,,,,,,,,,,,,,,,
,,,,,,,,,,,,,,,
,,,,,,,,,,,,,,,
,,,,,,,,,,,,,,,
,,,,,,,,,,,,,,,
,,,,,,,,,,,,,,,
,,,,,,,,,,,,,,,
,,,,,,,,,,,,,,,
,,,,,,,,,,,,,,,
,,,,,,,,,,,,,,,
,,,,,,,,,,,,,,,
,,,,,,,,,,,,,,,
,,,,,,,,,,,,,,,
,,,,,,,,,,,,,,,
,,,,,,,,,,,,,,,
,,,,,,,,,,,,,,,
,,,,,,,,,,,,,,,
,,,,,,,,,,,,,,,
,,,,,,,,,,,,,,,
,,,,,,,,,,,,,,,
,,,,,,,,,,,,,,,
,,,,,,,,,,,,,,,
,,,,,,,,,,,,,,,
,,,,,,,,,,,,,,,
,,,,,,,,,,,,,,,
,,,,,,,,,,,,,,,
,,,,,,,,,,,,,,,
,,,,,,,,,,,,,,,
,,,,,,,,,,,,,,,
,,,,,,,,,,,,,,,
,,,,,,,,,,,,,,,
,,,,,,,,,,,,,,,
,,,,,,,,,,,,,,,
,,,,,,,,,,,,,,,
,,,,,,,,,,,,,,,
,,,,,,,,,,,,,,,
,,,,,,,,,,,,,,,
,,,,,,,,,,,,,,,
,,,,,,,,,,,,,,,
,,,,,,,,,,,,,,,
,,,,,,,,,,,,,,,
,,,,,,,,,,,,,,,
,,,,,,,,,,,,,,,
,,,,,,,,,,,,,,,
,,,,,,,,,,,,,,,
,,,,,,,,,,,,,,,
,,,,,,,,,,,,,,,
,,,,,,,,,,,,,,,
,,,,,,,,,,,,,,,
,,,,,,,,,,,,,,,
,,,,,,,,,,,,,,,
,,,,,,,,,,,,,,,
,,,,,,,,,,,,,,,
,,,,,,,,,,,,,,,
,,,,,,,,,,,,,,,
,,,,,,,,,,,,,,,
,,,,,,,,,,,,,,,
,,,,,,,,,,,,,,,
,,,,,,,,,,,,,,,
,,,,,,,,,,,,,,,
,,,,,,,,,,,,,,,
,,,,,,,,,,,,,,,
,,,,,,,,,,,,,,,
,,,,,,,,,,,,,,,
,,,,,,,,,,,,,,,
,,,,,,,,,,,,,,,
,,,,,,,,,,,,,,,
,,,,,,,,,,,,,,,
,,,,,,,,,,,,,,,
,,,,,,,,,,,,,,,
,,,,,,,,,,,,,,,
,,,,,,,,,,,,,,,
,,,,,,,,,,,,,,,
,,,,,,,,,,,,,,,
,,,,,,,,,,,,,,,
,,,,,,,,,,,,,,,
,,,,,,,,,,,,,,,
,,,,,,,,,,,,,,,
,,,,,,,,,,,,,,,
,,,,,,,,,,,,,,,
,,,,,,,,,,,,,,,
,,,,,,,,,,,,,,,
,,,,,,,,,,,,,,,
,,,,,,,,,,,,,,,
,,,,,,,,,,,,,,,
,,,,,,,,,,,,,,,
,,,,,,,,,,,,,,,
,,,,,,,,,,,,,,,
,,,,,,,,,,,,,,,
,,,,,,,,,,,,,,,
,,,,,,,,,,,,,,,
,,,,,,,,,,,,,,,
,,,,,,,,,,,,,,,
,,,,,,,,,,,,,,,
,,,,,,,,,,,,,,,
,,,,,,,,,,,,,,,
,,,,,,,,,,,,,,,
,,,,,,,,,,,,,,,
,,,,,,,,,,,,,,,
,,,,,,,,,,,,,,,
,,,,,,,,,,,,,,,
,,,,,,,,,,,,,,,
,,,,,,,,,,,,,,,
,,,,,,,,,,,,,,,
,,,,,,,,,,,,,,,
,,,,,,,,,,,,,,,
,,,,,,,,,,,,,,,
,,,,,,,,,,,,,,,
,,,,,,,,,,,,,,,
,,,,,,,,,,,,,,,
,,,,,,,,,,,,,,,
,,,,,,,,,,,,,,,
,,,,,,,,,,,,,,,
,,,,,,,,,,,,,,,
,,,,,,,,,,,,,,,
,,,,,,,,,,,,,,,
,,,,,,,,,,,,,,,
,,,,,,,,,,,,,,,
,,,,,,,,,,,,,,,
,,,,,,,,,,,,,,,
,,,,,,,,,,,,,,,
,,,,,,,,,,,,,,,
,,,,,,,,,,,,,,,
,,,,,,,,,,,,,,,
,,,,,,,,,,,,,,,
,,,,,,,,,,,,,,,
,,,,,,,,,,,,,,,
,,,,,,,,,,,,,,,
,,,,,,,,,,,,,,,
,,,,,,,,,,,,,,,
,,,,,,,,,,,,,,,
,,,,,,,,,,,,,,,
,,,,,,,,,,,,,,,
,,,,,,,,,,,,,,,
,,,,,,,,,,,,,,,
,,,,,,,,,,,,,,,
,,,,,,,,,,,,,,,
,,,,,,,,,,,,,,,
,,,,,,,,,,,,,,,
,,,,,,,,,,,,,,,
,,,,,,,,,,,,,,,
,,,,,,,,,,,,,,,
,,,,,,,,,,,,,,,
,,,,,,,,,,,,,,,
,,,,,,,,,,,,,,,
,,,,,,,,,,,,,,,
,,,,,,,,,,,,,,,
,,,,,,,,,,,,,,,
,,,,,,,,,,,,,,,
,,,,,,,,,,,,,,,
,,,,,,,,,,,,,,,
,,,,,,,,,,,,,,,
,,,,,,,,,,,,,,,
,,,,,,,,,,,,,,,
,,,,,,,,,,,,,,,
,,,,,,,,,,,,,,,
,,,,,,,,,,,,,,,
,,,,,,,,,,,,,,,
,,,,,,,,,,,,,,,
,,,,,,,,,,,,,,,
,,,,,,,,,,,,,,,
,,,,,,,,,,,,,,,
,,,,,,,,,,,,,,,
,,,,,,,,,,,,,,,
,,,,,,,,,,,,,,,
,,,,,,,,,,,,,,,
,,,,,,,,,,,,,,,
,,,,,,,,,,,,,,,
,,,,,,,,,,,,,,,
,,,,,,,,,,,,,,,
,,,,,,,,,,,,,,,
,,,,,,,,,,,,,,,
,,,,,,,,,,,,,,,
,,,,,,,,,,,,,,,
,,,,,,,,,,,,,,,
,,,,,,,,,,,,,,,
,,,,,,,,,,,,,,,
,,,,,,,,,,,,,,,
,,,,,,,,,,,,,,,
,,,,,,,,,,,,,,,
,,,,,,,,,,,,,,,
,,,,,,,,,,,,,,,
,,,,,,,,,,,,,,,
,,,,,,,,,,,,,,,
,,,,,,,,,,,,,,,
,,,,,,,,,,,,,,,
,,,,,,,,,,,,,,,
,,,,,,,,,,,,,,,
,,,,,,,,,,,,,,,
,,,,,,,,,,,,,,,
,,,,,,,,,,,,,,,
,,,,,,,,,,,,,,,
,,,,,,,,,,,,,,,
,,,,,,,,,,,,,,,
,,,,,,,,,,,,,,,
,,,,,,,,,,,,,,,
,,,,,,,,,,,,,,,
,,,,,,,,,,,,,,,
,,,,,,,,,,,,,,,
,,,,,,,,,,,,,,,
,,,,,,,,,,,,,,,
,,,,,,,,,,,,,,,
,,,,,,,,,,,,,,,
,,,,,,,,,,,,,,,
,,,,,,,,,,,,,,,
,,,,,,,,,,,,,,,
,,,,,,,,,,,,,,,
,,,,,,,,,,,,,,,
,,,,,,,,,,,,,,,
,,,,,,,,,,,,,,,
,,,,,,,,,,,,,,,
,,,,,,,,,,,,,,,
,,,,,,,,,,,,,,,
,,,,,,,,,,,,,,,
,,,,,,,,,,,,,,,
,,,,,,,,,,,,,,,
,,,,,,,,,,,,,,,
,,,,,,,,,,,,,,,
,,,,,,,,,,,,,,,
,,,,,,,,,,,,,,,
,,,,,,,,,,,,,,,
,,,,,,,,,,,,,,,
,,,,,,,,,,,,,,,
,,,,,,,,,,,,,,,
,,,,,,,,,,,,,,,
,,,,,,,,,,,,,,,
,,,,,,,,,,,,,,,
,,,,,,,,,,,,,,,
,,,,,,,,,,,,,,,
,,,,,,,,,,,,,,,
,,,,,,,,,,,,,,,
,,,,,,,,,,,,,,,
,,,,,,,,,,,,,,,
,,,,,,,,,,,,,,,
,,,,,,,,,,,,,,,
,,,,,,,,,,,,,,,
,,,,,,,,,,,,,,,
,,,,,,,,,,,,,,,
,,,,,,,,,,,,,,,
,,,,,,,,,,,,,,,
,,,,,,,,,,,,,,,
,,,,,,,,,,,,,,,
,,,,,,,,,,,,,,,
,,,,,,,,,,,,,,,
,,,,,,,,,,,,,,,
,,,,,,,,,,,,,,,
,,,,,,,,,,,,,,,
,,,,,,,,,,,,,,,
,,,,,,,,,,,,,,,
,,,,,,,,,,,,,,,
,,,,,,,,,,,,,,,
,,,,,,,,,,,,,,,
,,,,,,,,,,,,,,,
,,,,,,,,,,,,,,,
,,,,,,,,,,,,,,,
,,,,,,,,,,,,,,,
,,,,,,,,,,,,,,,
,,,,,,,,,,,,,,,
,,,,,,,,,,,,,,,
,,,,,,,,,,,,,,,
,,,,,,,,,,,,,,,
,,,,,,,,,,,,,,,
,,,,,,,,,,,,,,,
,,,,,,,,,,,,,,,
,,,,,,,,,,,,,,,
,,,,,,,,,,,,,,,
,,,,,,,,,,,,,,,
,,,,,,,,,,,,,,,
,,,,,,,,,,,,,,,
,,,,,,,,,,,,,,,
,,,,,,,,,,,,,,,
,,,,,,,,,,,,,,,
,,,,,,,,,,,,,,,
,,,,,,,,,,,,,,,
,,,,,,,,,,,,,,,
,,,,,,,,,,,,,,,
,,,,,,,,,,,,,,,
,,,,,,,,,,,,,,,
,,,,,,,,,,,,,,,
,,,,,,,,,,,,,,,
,,,,,,,,,,,,,,,
,,,,,,,,,,,,,,,
,,,,,,,,,,,,,,,
,,,,,,,,,,,,,,,
,,,,,,,,,,,,,,,
,,,,,,,,,,,,,,,
,,,,,,,,,,,,,,,
,,,,,,,,,,,,,,,
,,,,,,,,,,,,,,,
,,,,,,,,,,,,,,,
,,,,,,,,,,,,,,,
,,,,,,,,,,,,,,,
,,,,,,,,,,,,,,,
,,,,,,,,,,,,,,,
,,,,,,,,,,,,,,,
,,,,,,,,,,,,,,,
,,,,,,,,,,,,,,,
,,,,,,,,,,,,,,,
,,,,,,,,,,,,,,,
,,,,,,,,,,,,,,,
,,,,,,,,,,,,,,,
,,,,,,,,,,,,,,,
,,,,,,,,,,,,,,,
,,,,,,,,,,,,,,,
,,,,,,,,,,,,,,,
,,,,,,,,,,,,,,,
,,,,,,,,,,,,,,,
,,,,,,,,,,,,,,,
,,,,,,,,,,,,,,,
,,,,,,,,,,,,,,,
,,,,,,,,,,,,,,,
,,,,,,,,,,,,,,,
,,,,,,,,,,,,,,,
,,,,,,,,,,,,,,,
,,,,,,,,,,,,,,,
,,,,,,,,,,,,,,,
,,,,,,,,,,,,,,,
,,,,,,,,,,,,,,,
,,,,,,,,,,,,,,,
,,,,,,,,,,,,,,,
,,,,,,,,,,,,,,,
,,,,,,,,,,,,,,,
,,,,,,,,,,,,,,,
,,,,,,,,,,,,,,,
,,,,,,,,,,,,,,,
,,,,,,,,,,,,,,,
,,,,,,,,,,,,,,,
,,,,,,,,,,,,,,,
,,,,,,,,,,,,,,,
,,,,,,,,,,,,,,,
,,,,,,,,,,,,,,,
